KS Max,KS SMean,KS DMean,CVM
0.6064043943440927,5.5834822768863015,0.04200990767651815,664.381563
0.21000836823679486,1.1395348845687743,0.00952807871084436,611.2137270603392
0.1253661971830985,0.5914670541823083,0.005794373722340667,667.5358674920121
-0.04693361884368014,0.30074815576011066,0.00459576835118004,647.3031783590832
0.3696485183816674,3.4032617657611017,0.040880232058616996,589.2327417492373
0.05749498997996107,0.2885296418323429,0.0015930642084224433,676.3484385
0.6646454265159291,6.116945338508012,0.047788429003083166,662.0569439922103
0.6824120603014907,6.3738599617304015,0.05545386934673214,672.2424568279996
0.865808532778356,7.42851489469572,0.0996433654318456,649.0540165884214
0.839290851707931,7.524784396526393,0.09804236496553924,654.2342745583031
0.03349840933191824,0.12492606198767878,0.003257783563094089,661.4932287385612
0.6090705471734383,5.651140503546231,0.044575798911695046,628.1678771504493
0.024619718309859224,0.08480654637450542,0.0009289231388318534,654.2252186849032
0.11624772497472423,0.4665887204729577,0.004301512618799498,676.4193581493325
0.094920443101713,0.2718250015824024,0.0035427232024239056,653.7133879009565
0.6816235518428276,6.183306228886514,0.06922608379519009,670.9686181795398
0.7000904431715352,6.502807824737968,0.09211271409907569,629.369232839325
-0.05409503239741766,0.29303629341034465,0.0017850735637181907,634.0563495600726
0.7563730545825222,7.076238705603665,0.11290896558495045,667.278488074201
0.03282808277658993,0.08022925987633052,0.0050326101824639665,644.3665236964129
0.7830394206603187,6.698041486100526,0.06057641652799793,653.3548579790142
0.8039505275794454,7.282011444677107,0.1396618808049537,656.5392613120367
0.6027687862527304,5.397858874451024,0.05245556231669309,670.4964500428453
0.41873734933672013,3.729405085727862,0.04411646820322663,678.2483400104533
0.16686759752453106,0.9091735713475259,0.008837026536447438,650.077668627617
0.8156568173136145,7.17750192383058,0.06351236488283904,659.771795061056
-0.04185714285713947,0.1296911729631286,0.002229821512602264,663.543294143477
0.7651057993730292,6.996886349356871,0.0730104518025001,629.7774606579876
0.8068675928106294,6.924729609451821,0.06154160247570478,623.7434750651497
0.6896448311156601,6.241512468301744,0.052779109907881164,671.9033264172335
0.8176720160481441,7.5385251939323705,0.11664677735205148,675.600685
-0.09279705237152097,0.4746391683707858,0.0016244690861086297,635.2873147566277
0.6500113558937094,6.011626549070659,0.07487741710197694,671.1589887119131
0.45526304801670153,3.7932991176618054,0.04872461281837162,650.1981679390371
0.8078950104625603,7.217977757300749,0.1330620741217213,673.6891627199856
0.7765665236051504,6.730238521161222,0.12093822351931498,665.8989039482343
0.8425538314992659,7.546053216809064,0.13973688939653786,675.7126584164604
0.7589889617729262,7.036403293439931,0.09899951983020575,641.0378021588633
-0.04933143757603151,0.13805129359853896,0.0022168320047628977,695.8994819524328
0.6821720914462834,6.220111465126326,0.05002160400320017,663.9503384412283
-0.03234034034034061,0.1610127237221007,0.0014467311511512338,683.878881
0.0814516129032271,0.2057202784760617,0.0021937600000000016,660.3034716203524
0.7026629232067353,6.374450869877297,0.05126965352058624,636.6967938850446
0.6600685886881018,5.814974542365344,0.048423795890970664,670.9462575079484
-0.07551669316375154,0.36218385960932514,0.0025577905491532145,659.7246948303439
0.4133603138958176,3.8003982543718533,0.03450763099969276,587.2882716179648
0.6642276422764155,6.066318416844057,0.04652463983739919,666.5582545129078
0.6856970010341251,6.153230289349711,0.045597924715617216,667.8635346776456
0.38746115355348676,3.600047258943262,0.029525571058706245,698.4171202176772
0.10016221873364872,0.5012122412974245,0.005917596337000933,637.8594074062291
0.8904596601343109,8.081173378202552,0.2597328227836911,638.947925249841
-0.09253917040973422,0.4609454555508885,0.0025695260327655797,652.3802174291646
0.14551427013047424,0.8628465364454697,0.003963093465217559,705.8233639066545
0.7058894472361804,6.446527449674917,0.05379787386935625,651.1783605
0.8743480306860445,7.770306478080965,0.16036761572384714,654.0689256985174
0.5544623655913989,5.057310971493372,0.047679051397841454,652.6318312268694
0.406451815259176,3.4855875084839734,0.03517651583157977,620.135449719177
0.6173596673596818,5.568208403869515,0.061679977597699845,612.384641851736
-0.0425152231423071,0.1173634017516619,0.0015954856430247047,648.38241747317
0.1767731241512388,1.1031425833535633,0.004617077603922602,644.3152290025317
0.6273149459452602,5.417505866743371,0.04458164964438373,623.6002002712111
0.5965651341859908,5.705565664463209,0.0500674175398657,667.5228575663662
0.7205762711864407,6.527152739463055,0.19381097627117871,689.6523646367089
0.7421560574948664,6.707174122741406,0.07386940332649754,664.4594151770299
0.10746014360472211,0.4925900081792106,0.008847741754912507,672.914131500939
0.7485887096774189,6.4859778911262165,0.059672609677423494,669.8678497255555
-0.05168062827225816,0.2622457535843065,0.004220805235601182,639.2346534700928
0.07056594106953722,0.24787055436158423,0.0011095307846378027,660.3603595538746
-0.06986128364389176,0.3172710546025417,0.0040795354865500845,642.3479998759259
0.8545496809095003,7.946982795685848,0.2341678888466198,690.7965573947074
0.5801860760208652,5.261048398334707,0.06878939512255541,643.0833908863383
0.4033041182682179,3.4209438628278805,0.029871347961983975,675.2999957774758
0.8016922018469872,7.232704622677083,0.06077660739328954,638.752781312456
0.7424871794871798,6.7283493944499435,0.10708323025639807,674.7779050347012
0.6308662295202189,5.853512091683213,0.04767096703905111,655.2268806809941
0.32150186288378346,1.5777515392819255,0.012234179567408613,646.6051387285992
0.8753041186119143,8.136303104329437,0.25137172507357847,681.901890596945
-0.08208069492673528,0.3245202270036602,0.0019028411365611785,652.8599621268024
0.09196440547246686,0.36523608254253154,0.003815699148275255,629.8103577387468
0.8844374491716187,7.570690451502457,0.1797249321394047,676.0118096833643
0.5350698151950715,4.824876996723823,0.06319308694045647,609.6330526540703
0.4819025007914055,4.2530436446786775,0.03278819841721589,613.0296300826965
0.787918918918919,6.584125439141339,0.05280740466466462,671.042446
0.6832644628099256,6.249754988168315,0.046777676198342825,665.0319492332391
-0.030373002544968934,0.07125485298502865,0.002161418322907791,656.1390583974853
0.6258077965394975,5.592307618252408,0.040023423493852156,637.2412338391674
0.6521467334071271,5.913673410418922,0.047383572840145965,647.56678362055
0.8214561116440027,7.39877441517248,0.11667712637480863,681.1873264860811
0.8709433402222391,7.950511372945795,0.15457062879745753,650.4885664192773
0.08180645161290359,0.22444368094282027,0.0012602939784975937,651.4801657306814
-0.06601187500064182,0.36110280019773844,0.001820093290430284,668.285951373487
0.05474688796680605,0.1848630218054332,0.002987206804972817,638.2947327813506
0.398008196721313,3.761124485428911,0.049181929836056425,638.8099320995944
0.6632047336376068,6.028958089346409,0.0480431561395274,668.1639128237167
0.4916481736026843,4.403178630797207,0.03736625035785419,684.0919653477806
0.3683710498517564,3.476273227708153,0.052294411043177995,667.7994276274428
0.8017027788573629,7.418399691198819,0.10426449718228158,680.0511703540575
0.488197578087892,4.378370374495472,0.04026985307155149,615.7267616018311
0.2084010099574811,1.074362570820004,0.006775662932153187,616.4050083931598
0.5724650233178069,5.220350395360738,0.04815263491006323,666.5669731473828
0.8794175128840765,7.912565940484768,0.12820842510036035,657.3929182486957
0.6842806543046209,6.4362020559095034,0.06272002622996431,663.7022265146171
0.6919769523896936,6.253455929497688,0.04730696175566158,630.6277361012311
0.7189976400447131,6.4970947381051,0.12162084026829378,687.006315706079
0.5415903614457839,5.018153097604387,0.038337692931727375,647.9095465
-0.05393004115225649,0.2149662794815268,0.006794165020574815,640.8001303954958
0.7947686116700353,6.693378528798458,0.1125858551307881,699.2293982904448
0.6339833804901949,5.851563567952379,0.048171488669250515,656.7886660555904
0.5343002207505535,4.7567393033814644,0.04612988927152828,682.6466551836522
0.6186635716128167,5.707069570888038,0.04410969763705999,638.7562133048117
0.7557993120010538,6.642303309478385,0.10831387581402652,651.6194036374285
0.5264865653140806,4.906603390840867,0.050056933719788164,644.8689096263752
0.6941567893975242,5.913735454603786,0.08724874188028761,653.896304234779
0.3900055967570536,3.578939593995101,0.03032924455108864,631.0787412929528
0.5987736289381544,4.603163710366128,0.06769296599765974,675.7655104256977
0.9344292057659213,8.305785822911412,0.24710369549620997,644.0769354138232
0.6265942764022291,5.721724911259179,0.04688498120957788,650.4371731869524
0.49224999999999813,4.468658253105273,0.034661987499996154,641.2793481693974
0.10831590181430399,0.47040842755721596,0.0024269360085343635,637.9572843071243
0.15393350447740553,0.8044340791053226,0.0029978186045638085,631.8097590837921
0.6223190997839043,5.523396326425343,0.08239589239139324,654.5606659994622
0.06198864153409326,0.23452963775881577,0.0028102517807074767,658.9721194861587
0.7692555210700988,7.015457315682382,0.05557167689013134,641.8973712702916
-0.027730964467018605,0.13689798695677188,0.004435281928939577,663.6829621015485
0.512,4.8501208859161435,0.04100212,676.5200795
0.8521708307681649,7.515612384563073,0.11828180863240503,649.701340495709
0.5238373983739821,5.061746624684612,0.044569141138214884,679.7978964649183
0.8806442405708461,7.6530786445689545,0.0959336152701461,668.1938349041327
0.03818519766519344,0.15598928406127913,0.0020591183599826973,647.4514686298814
-0.05195477386933875,0.21474623021224187,0.0027735883417119135,644.6444546592612
0.7348388388388389,6.5200230622182564,0.05464344742742753,637.0733025
0.11177866565705014,0.45897969512291165,0.00575074741902578,649.0402258405978
-0.05503742203742766,0.2751557914337002,0.0019270678586290988,653.1490291342009
0.6215506373441775,5.742813684416856,0.04695308201429139,649.410306962124
0.8785463014629331,7.708436224545665,0.17646288667849164,613.5814157556476
0.7382825797915246,6.715233117282709,0.10146215275949902,644.6138279216347
0.1643181718294261,0.9611247966196648,0.0030663591058538732,660.6800525240693
0.7685650149650732,6.973400136034628,0.11914381089956576,666.0500187751794
0.7628862034239676,6.829622823773562,0.12883333681771478,689.8560725
0.8321309398099261,7.435334841761951,0.12888247843717515,659.3187566181492
-0.13493840072251836,0.7679132616255753,0.0020452501788983455,684.027310888629
0.8174974874371858,7.496465636857061,0.12307533306533232,666.83955774199
0.8602047390650573,7.70049073101288,0.16103434395207794,626.1557092005772
0.5279353036011564,4.598578473076505,0.046754053324126445,658.6676291563955
0.8723667017913593,8.016641074332448,0.16968843793466148,650.5157284503421
0.7287762863534675,6.575172259449003,0.06662077843400331,641.8182451263793
0.5751827614349055,5.616676365961153,0.046123807109566074,640.7014104605724
0.6109695866361669,5.701858786704117,0.0712198713005282,690.7643911102945
0.13613613613613607,0.7526823688278597,0.010152092092092089,686.3801175
0.6322373393802092,5.400916344238383,0.07598035827664763,694.7009886705878
0.830918402461476,7.340001514636932,0.12018270099795406,673.9564791660912
0.6984583791898232,6.4319709411718815,0.051167277706798055,665.1437980649858
0.721122994652407,6.265784579152953,0.09720081614973787,692.4012915053708
0.5414907766803264,4.854266365314492,0.03808900636037052,633.07709758092
0.14690411319624677,0.8515673348462894,0.0025719426458622,659.4077108537342
0.6830450964507594,6.468561622341546,0.04414359433154029,654.0129156550089
0.787534287534287,6.9344229509374795,0.09768441506441594,664.1791863911146
0.8186706397740597,7.189427687827435,0.05662694413929329,638.4106986245034
0.7901247484909456,6.952714275677714,0.0602755579879126,673.1119515
0.581025820773454,5.2608519594371765,0.0427269987337511,660.5424664666381
0.12412412412412407,0.39048875991881593,0.002897177177177175,630.3928075
0.8343585095669687,7.798115186119288,0.15432298410875206,672.4208355
0.5878520029463429,5.580993937411024,0.048425318714933566,660.4145777859048
0.0645950784490313,0.231546229696313,0.0021422991182145795,637.4553411548632
-0.028351129363466024,0.11194159344867699,0.0018234125667169474,656.9921712690685
0.5253417721518988,4.9668672036788255,0.04213994295357553,637.6894777193717
0.8812742259947838,8.099260780177621,0.19861307570329878,660.8729685026474
0.5015090521831711,4.390483475442256,0.035100759105433144,682.0213659993177
0.3731568016614746,2.993583355288325,0.024775858504674377,659.756662752087
0.7092790026050203,6.084078317056633,0.07982618875516477,675.8930247730431
0.6505974170207723,5.9154863927977575,0.04765317035492742,675.5326475942693
0.8708663967611335,8.032956350984302,0.2336231732793375,697.8730075
0.7590629346938847,6.888642748905425,0.05758035102991843,648.0473163675682
0.6832339435244119,6.193655556528069,0.05242473691135586,634.0745547992751
0.6538071295918695,3.304240171769868,0.07601490954385862,857.1312743899905
0.7559093091039504,6.732341605436726,0.11228385559935782,644.6044560040135
0.6884195373621355,6.596960354929113,0.08803412699707713,701.7295785
0.7634158347527398,6.815827806142178,0.11145710390976744,678.2994098819246
0.07827431185095185,0.3020087626091275,0.0021538067577487837,664.0186235193735
0.6267378489600779,6.068809417165484,0.042480907018128816,650.2676576829334
0.8665494505494505,7.334413746662231,0.1136224316483451,657.1147284446625
0.8148747109999036,7.337352320172757,0.11127535245156463,648.3512228579204
0.08414409962765967,0.3740809623356407,0.006065609606642031,652.7648543396484
0.6278968968968964,6.132286847861667,0.04427571643643624,665.360704
0.3081084337349408,2.731064172722051,0.019452455582329085,655.1146449124475
0.5158650396294602,4.442026256275499,0.07013097039204415,662.7931543518647
0.11779918087203528,0.4481159194632489,0.004611643485294998,677.3174982715587
0.6951341069841567,6.299635058461583,0.05370829235893193,659.8089469903879
0.08657261410788444,0.24784353351313076,0.005175539502084696,663.5696708364673
0.4491500369549024,3.880858458161878,0.039720624168517314,650.6533513866228
-0.056929945716759564,0.19102333238873542,0.0015802164262985168,628.3316030063255
0.056,0.15359550937446054,0.00218004,681.691291
0.5601217794798367,5.0444594300222425,0.0748313179133224,709.2973223034363
0.07167225608774996,0.2905690465403107,0.0012845916074964013,663.7276696682142
0.7391425576520108,6.811797162363695,0.05778047530399641,675.1450299176661
0.7702824636067862,6.603403987265561,0.08172274844601811,671.5860886222735
-0.03723776571197903,0.14166116709631704,0.0037349219120938696,635.2219962652321
0.7513904804494249,6.590259448949281,0.10629730735905686,696.84822893648
0.05270798749059582,0.2765025390411966,0.002787867308314867,655.6973637563212
0.04761538461538911,0.23361376492628005,0.0030184228690273997,661.2529475300989
0.680154004106776,6.170701656239181,0.05181267733061154,669.143611551781
0.7255204228021144,6.475261969367493,0.04750490298384623,619.0150280313535
0.04689739289525911,0.17933114034704362,0.003121799751700961,634.6928239059923
0.1684845360824741,0.6989301859391401,0.006882901030923789,666.69874168193
0.640491484862346,5.693993586736821,0.05182281679030278,632.4455631881744
0.897260434565604,7.881007966840743,0.25520422851258556,627.4126236449683
0.8548417058090058,7.536741781854287,0.17045591898204177,612.3753567479606
0.6650814479638021,5.877924751590325,0.055592691583710066,617.5140555523744
-0.1016283367556464,0.5272186143700106,0.0037842856673598884,656.8162933349145
0.08549038411917564,0.3251220662877139,0.0021212174883458775,646.8006146468571
0.6332047021831723,5.757661630722749,0.046524515857171475,656.487622661051
0.2328576773021338,1.9437016722734284,0.019989907273793926,578.8282253389101
0.424553610988043,4.037546113242739,0.03692068258750608,639.6565701866429
-0.09150662589194843,0.3864930989719859,0.00175782797145601,678.419201427321
-0.05084584584584591,0.17848300767277112,0.0017244043443445291,669.164608
0.13974699775304036,0.9177900540607578,0.002754259153420797,663.153735559352
0.37978238341969145,3.5426269392674623,0.03823175699482244,673.4629570572145
0.7139581792848116,6.368712126425935,0.08129992649937853,699.787198
0.1148200014486802,0.6102952100351218,0.007052007790674129,666.597431
0.8794837642025368,7.776908994871503,0.15319873314363958,666.5879827288576
0.38179518072289276,3.2871411362801326,0.02647758008032313,683.091364
0.6518941490960448,6.019790955262654,0.044068332737541446,646.0470915678511
0.41390370317292124,3.802284746802191,0.0355940924615937,608.4534695527948
0.6995792939455028,6.407913676643146,0.09015903432719592,704.177293022932
0.7203500154339649,6.518546218730471,0.0844010711617728,675.333110860119
0.6578940858264485,5.899452523823138,0.04560083162912077,656.3158581347006
0.7784849785407727,7.089713078469301,0.05425602497854146,637.5603240267042
0.3414086391437206,3.0367787685240186,0.0261562998216068,646.8890901833716
0.5074610953842272,4.588860883898563,0.03675378699884151,653.4456037413767
0.8076925164249552,7.225693117544806,0.10624494139329352,657.9727068455128
-0.04606514994830406,0.19924155237442237,0.005383895470535474,647.7281053110554
0.14597355035605253,0.7032372650686929,0.006827774628694418,626.9450689400084
0.48684537448582305,3.8868629641946364,0.06021613270063544,636.713330691059
0.8239572649572651,7.010508800248079,0.1203391569230784,630.8598661421019
0.1404387646432377,0.6234931392229337,0.005930407561229543,637.0605659296509
0.06868525019264388,0.26037217411160507,0.001618289300408753,661.9336102262964
0.4113758428479189,3.8471204921232656,0.0412378555814694,697.2535919750267
0.8634880118681261,7.733856992313727,0.1570562128411499,635.2878113311302
0.7444720869557377,6.9707385622517135,0.11330198955374923,700.5398286567263
0.839264843384751,7.753613573109864,0.18575707456753512,696.0839761408366
0.8232719461354912,7.068559381922349,0.12839771610756054,643.296233719429
0.6825099894847517,6.0962983173499445,0.05357892689800993,668.0455763170504
0.6079148936170209,5.457555091708616,0.06620841659573667,645.3035943593172
0.7489430051813473,6.661505865444115,0.06441120186528755,615.0169777514614
0.4040064099202668,3.8436619434443773,0.02859534638950157,645.3821580901832
0.0760186700402855,0.43295194253324987,0.0054535506107491255,651.8778199693752
0.42097982951259927,3.8614091523111753,0.03063596733200661,651.6635952627712
0.8033826638477856,7.2454180099702,0.11407044397463217,638.528896421208
0.8299798888847529,8.021192299633864,0.17978114169581036,678.6209453556173
0.6532121720130122,6.1966612460056805,0.08304262719192361,660.0242911506305
0.8421917255297677,7.70782125931712,0.13144390205852302,664.188358
0.3856666666666667,3.3517914312272765,0.03735191818181794,656.4116479526498
0.5854925373134326,5.1708230256862375,0.041344449765458556,624.4456734804509
0.6249161022467291,5.035976761765258,0.06503756446630914,639.0556026997987
0.7302094818081445,6.424682828306581,0.09639404361141087,628.8802302529964
0.06987487487487494,0.26751767389312997,0.005007005665665637,668.9382335
0.7773174603174603,6.88102548640683,0.06180151820105247,659.0355736177786
0.0949958424593212,0.38562675016721465,0.0025683877300218564,637.7469707085145
0.2991480366408317,2.8053555088064663,0.022280614813729428,643.687722938569
0.6701658031088089,5.896998090080683,0.053666936165809816,647.5366585155882
0.6969105056183301,6.401391065049672,0.0728119073022008,658.3214629878895
0.152,0.6133869872478548,0.00398998,641.5300795
0.7552854058878153,6.764070202707211,0.07435796760616083,681.958445
0.8159622063329928,7.663433919756129,0.1402396168743731,707.2192438193113
0.6269899829050603,5.733160645351651,0.05514378236680068,670.5178660257627
0.7181923996087095,6.656102955584248,0.10227873900534737,680.9276898177079
0.8429179179179179,7.242925119891865,0.06449513565565594,668.576329
0.5413608892726024,4.36017888247518,0.04371770001438912,632.4241334270658
-0.06626678650046387,0.322731498702949,0.0032220473343521367,650.9344028291325
0.11550310559006247,0.5220749445281383,0.009824430724649143,663.7376846609176
0.7232038072355923,6.662525334249438,0.05654296007947037,621.7662165346908
0.046637350705755594,0.226318340568936,0.0019349941802356597,640.3217827209521
0.848067655188699,7.250374237994869,0.07208981668155577,637.4182422227326
0.7131951219512205,6.3809944690509415,0.05874585495935859,671.8242995486453
0.4727001090512565,4.475901266592784,0.039128580392571145,658.032692707091
0.20975103734439826,1.099913794970194,0.005113167551859037,637.5142965892761
0.8230819672131149,7.334978170052711,0.08713277131146603,654.2607472093671
0.6481883182275939,5.882060694653335,0.04837086360523161,678.497245
0.7206492206492209,6.756225867255684,0.10433178901234413,686.1657305
0.14731060508708307,0.6717647982875844,0.005371568274678654,632.1312210046389
0.878268148406217,8.193635436020068,0.15038401426080322,632.7041044284425
0.7291411441310935,7.104563077226625,0.1097361685244944,618.1525648810634
0.5822124908768828,5.23080647708897,0.04391184711857725,662.3685367873366
-0.05545743149346268,0.26627682006679604,0.0017084370605269946,663.6264240340523
0.5907776353985772,5.069519171987339,0.062494264656686054,594.5650304405864
0.8098517135712181,7.617463713762151,0.13362323060127176,661.2382035104032
-0.08241414141414011,0.4583762846276128,0.0026751767676830205,690.7420160753261
0.7910611824544355,6.97691863233176,0.08148151558459864,670.6157694329247
0.3054814561663841,2.4844118705815457,0.03897504807229418,668.3010040837534
0.7971648047771753,7.052263920398032,0.05944662183852056,638.0503783802112
0.8443664992960763,7.563914859405211,0.14757781991246258,682.2448755
0.4812946058091301,4.513438469781293,0.046216865809133,644.4825664645556
0.05160214712859905,0.24882314168932654,0.004704209968187007,615.0658628873791
0.8207997190963012,7.055851244666669,0.061799816470543445,659.3773793176521
0.796953953953954,6.851553166601363,0.09343012146146192,685.5924165
0.3544031767323011,3.1507766613560793,0.03142119618202502,689.5057487033596
0.6965226095660877,5.941491358426895,0.07327940263243797,669.7388971393536
0.6480603587458409,6.065869046404765,0.04333023977606752,651.852403
0.9147314647189774,8.148244195821132,0.15104306178080476,637.81447420196
0.7603090172238991,6.878156318311561,0.1129663069275615,674.7179169254133
0.5813471513207046,5.87455730855478,0.04472976760005759,627.2285510306579
0.7058089035035472,4.289572757956789,0.06520375061164548,565.9995668509592
0.7992531645569622,6.775016118934127,0.06861582751053276,639.9172468727785
0.6492836016506449,5.715217362386185,0.05766785607388058,655.7806950084589
0.6146146146146125,5.298731106147239,0.06528892269319607,638.215473466826
0.3408606811145488,3.0773623478395122,0.02602934053663878,672.4121448354383
0.5389610389610541,5.295885418608235,0.03569214135996236,664.159768424878
0.7141025641025776,6.082281092715594,0.09292637352171153,693.702645617165
0.6683284981500243,5.974488599324864,0.08321934886899834,623.8574726636596
0.1528445595854922,0.8015169187738596,0.005500933989635145,647.8294113469352
0.058238578680198966,0.3705161529855455,0.002334328934003041,641.6554726028974
0.6997891963907988,6.313180115692759,0.048615371714337816,690.9820916845102
0.859101793187886,7.825266121722105,0.17684745814793093,627.6111911910202
0.7726878980891723,6.902536718445988,0.08460638811040835,659.4280838477863
0.7955731310987935,6.92362108088294,0.05587270621442068,650.6917079684561
0.7439430894308854,6.725840401731109,0.054099558211374306,675.0687135088841
0.5513759086188932,5.038057166848282,0.04340811312305019,639.0859522025231
0.6256476683937756,5.79953052334302,0.04494226435232591,652.1983480599613
0.8328581547919828,7.505874458885236,0.13744065014132698,634.7220839060408
0.8641596689789304,7.646199900344691,0.1426806795667331,648.8640859256847
0.5509558676028063,4.801934292452029,0.038708163971916267,720.6241389987182
-0.055,0.302774784493359,0.00146468,650.367657
0.8999465582189488,8.055534919153393,0.1724358289558891,654.3976394956329
0.6398605208673772,5.843506790422416,0.05095749591367323,637.6099701265548
0.11712812513540417,0.618065056517436,0.0038202919537298225,628.0784996689874
-0.08288819875776321,0.3881466903111335,0.002857191552784009,672.0455368047701
0.4009465059832127,3.587513069382586,0.050079327249395345,673.9228110431235
0.6336480864582581,5.742204390124404,0.04509466662110377,639.8324348053337
0.8259328945464101,7.431512413799678,0.13711554463592784,676.3608753682179
0.10823635252435308,0.39105029375520395,0.00317007425816927,638.2276147684511
0.8005989070740361,6.9261935977684566,0.08666973721190856,632.2489524581932
0.620194726166329,5.745238187464972,0.043314205598368474,661.0417391350693
0.055047552424256324,0.2486740865522419,0.0012542096748228595,635.5732040366245
0.40616347658601326,3.6287318348607043,0.03390647099969947,649.2868580222635
0.8188084349910068,7.296959774539865,0.12105317556146475,657.4058716302718
0.6234344661310968,5.8314133058858575,0.048385009851531366,661.7289163813062
0.2978230452674854,2.3636551156342267,0.028169042222216154,658.2435293563749
0.709692307692308,6.451101773285189,0.04907071948716326,656.728121907444
0.06669042925417028,0.20756687647432062,0.0027794029494019744,673.5925917613538
0.5849884916226195,5.41528816728865,0.041251400159389294,670.9731850618707
0.4959503626443898,4.880167725509734,0.04004485591885279,646.5271844200172
0.09332360592282635,0.5280476094134026,0.008553695649117924,665.5482960788113
0.6798839231917341,6.416490128111683,0.05018761955251148,652.4955730427873
0.10451546391752566,0.4083933309306845,0.002694723298964325,640.2067559683918
-0.07446216199619195,0.2691715460706643,0.0027329146009444387,687.1907155421029
0.823460925950594,7.697881929611993,0.19390208915196458,648.723643251851
0.6634190585533848,4.908853515588136,0.11370165416763199,661.5707272088789
0.7911801843337105,7.321561248179173,0.1018503201749575,668.1075415933828
0.6638827308984382,5.886470625841425,0.046990686225496084,646.4484422929985
0.871174212980948,7.953019877162232,0.12351266898237588,665.8051316151704
0.9122598004474927,8.13763977722513,0.26277442030511017,623.6183678186761
0.159444286606034,0.8766607913640431,0.0036192454102066426,666.9179841306241
0.73139070895304,6.530839546730626,0.05495556171470885,673.4930290401891
0.7428098695624406,6.73168680746627,0.05422126160336611,637.5147524675695
0.10844108357061798,0.5897020667491161,0.003474849689073175,657.2075416911513
0.8447149913009245,7.079530908610529,0.12043581157186813,596.7035629043637
0.18399744199825427,0.9237931369411823,0.002733990412195805,606.0480677227446
0.685592406033276,6.2693112143921645,0.04550756215131988,665.8453100314744
0.101,0.5457235702487111,0.00713302,673.851004
0.5692581300812893,5.306293503738521,0.044649039634143455,663.3915248387373
0.6161459403905436,5.828666217563314,0.04217512750256854,664.5614323323429
0.56420200514836,5.327469593242974,0.04321067097953975,633.6461165869185
0.6140804796772682,5.992523792473629,0.045632851346832204,665.2178845
0.5167850655903146,4.89203491199036,0.04215586665993849,646.7355543188922
0.7816091370558373,7.238792219572038,0.10419556558376604,672.9502330018223
0.8490434782608697,7.499378725325554,0.12126680580383409,676.2472376643672
0.8753728813559319,7.675934997838624,0.1435306408474517,657.4983357280341
0.676780383795309,6.017102000322442,0.05260658891257974,659.2233324805779
0.6739919508902464,6.236415315593137,0.047920917241911075,644.8273341564743
0.6136000016752975,5.420999524378194,0.06491896522043392,647.3486926996432
-0.11111220764923146,0.5908843810405452,0.0020451596723987954,662.7165627197328
0.7427437843670931,6.561733758888085,0.05766132675860106,651.2025488272395
0.8142913857219061,7.357083813794907,0.11883547491186297,667.320433735448
0.04749724262547922,0.21000291984502015,0.005243197615752683,669.452032079299
0.7596539618856498,6.5780055003819164,0.05072304329655205,658.5515990525832
-0.048025586353944896,0.16979882997844625,0.006422961918976672,650.8792847351037
0.6669193548387079,6.308243256282421,0.06370944354838963,698.810868
0.09137597933015329,0.5105922895358292,0.005486998467282724,674.7919136847978
0.8030610607527569,7.125886458420228,0.11235704417667489,671.7350832848008
0.1624174134183326,0.7160354827711474,0.006803194865672423,642.4045379063364
0.7777794273594911,7.065699066411709,0.05789678841994248,646.9036433568941
-0.05496278855810517,0.34968881312564776,0.0024755050200559597,657.7381070904999
0.06688438854219937,0.35846637028847533,0.001839938634400077,631.0693909778844
0.7831168912409707,7.253244751609009,0.1470780995008026,680.9099392171113
0.7202887029288696,6.485056640651595,0.054842632384947444,650.0521741977062
0.6479314620160164,6.006118793165162,0.04890503765122417,625.5499224465993
0.6214745255001537,5.833161446798691,0.0470851111281954,648.8768932568914
-0.084,0.3601858298156661,0.00216652,673.320988
0.6576883910386965,5.079354775444866,0.04711672708757524,634.8958983402247
0.6876621172820223,6.151445686036908,0.08793810198541926,708.7519594161282
0.5577233860366392,5.191991097306223,0.041674324625829935,661.070667
0.4145520504731846,3.439089752539915,0.02407338450052875,666.1673275311193
0.22277584442169904,1.1911341992632454,0.004541916560900731,655.1380416835574
0.12667080745341633,0.5629131784220966,0.004313648654253251,674.7721410068473
0.6460752370747597,5.865654124856842,0.04921739578547822,655.2428928268944
0.1747709108447007,1.0447140480650776,0.0042204869436339295,666.5769182528343
0.054772357723575534,0.31955006035677824,0.0061118167479582005,654.1419425813008
0.7664037822702865,6.8620807693755195,0.05436147946312109,650.3717295227199
0.6262117065418787,5.7551719205626926,0.04356169886112929,640.7923680480195
0.7627910838683039,6.718292618518839,0.055674279579235,641.2027693401272
0.6926377154356435,6.173390662937089,0.06179330186145178,681.1979760688681
0.8470367207148275,7.715720151705604,0.17616427054273476,660.6184030778678
0.7886121593291406,7.260591235474645,0.12471903404610564,670.7960898711132
0.48028467209141396,4.6003301499984905,0.03476064066525437,642.1399130975653
0.8896315789473686,7.9434591702493975,0.14408857263156563,637.5990964092364
0.7607594936708764,6.738662969937413,0.0773195210970335,644.7768963622216
0.13742321702360627,0.7295266161765284,0.0024757724196515702,639.8503203800547
0.3804102564102569,3.752298780362139,0.03172527179485972,649.2822276704168
0.8995585215605749,7.5721861252261204,0.14361501581110417,651.75832771801
0.13459514170040512,0.8575424704879814,0.004422280080965289,676.3602019948225
0.7879166300438329,7.174683986300615,0.14576109395958808,661.2492008832795
0.09122790202342852,0.40559762953836476,0.0030864810862584365,637.2940516383345
0.5923217245369072,5.275747401733717,0.04524353621799748,672.7200008184155
0.8243661971830986,7.513474540251463,0.12519412120723925,688.9413063845409
0.6384283583264685,5.706829010863577,0.04486533220976355,646.4518663634365
0.8394466936572428,7.401502400909456,0.24200820998651465,692.6325355482736
0.6210026633244743,5.822058675957773,0.045796349010391875,702.8252740993539
0.7458263763963289,6.587369298413033,0.053494165393773704,647.5347295167
0.10311834677316806,0.46851050809785855,0.0034295698744481445,666.3647753289252
0.8175211122554067,7.548625939540869,0.1321231637487167,650.7731099745331
0.15228848114169224,0.8134137856622133,0.007910283037718138,621.1820297587234
0.4330758797542193,3.778095728071625,0.03914233714353679,614.7037531551348
0.0629627181385634,0.3914065577622222,0.0022693065838089426,670.5399833119442
0.25233159989257564,1.31131275336508,0.008307100393071113,664.091661364848
0.7331813471502594,6.528627313786253,0.10598545005181813,688.5295376110937
0.647606241194657,5.834026870337163,0.044838686442393645,663.1334432549693
0.4346803455723592,4.077695909279386,0.028296674298067162,660.2150910621727
0.6552392339100753,5.787846557856406,0.043968138329309944,639.8590911896227
0.904781420765016,8.297043581032748,0.18463789788249121,630.0729651284483
0.6729622159530846,6.165709076678405,0.048968302083154655,655.8429818108709
0.819983870967742,7.040354585156565,0.12681643580645446,672.2168750544704
0.48348472505091256,4.25471890721637,0.045290098981654904,616.6243747318084
0.45351893950024896,4.22847032577226,0.03107931931931803,620.1898608445728
0.5736668499175304,5.337602484365042,0.04095166214859241,672.741929291299
0.6384938784938784,6.153960264171643,0.045215160021547636,675.4411403216568
0.696593186372746,6.4612986223024365,0.04669746761523133,668.393707
0.05864024337749726,0.21786679995582314,0.0025513697244801503,659.3694300085707
0.8576666666666668,7.94724365172175,0.1658084041350175,654.5679932038798
0.8088446311000411,7.651089951556962,0.13997025399742255,638.084091925759
0.5964577200317064,5.405765488759151,0.04955530931876138,671.992792992778
0.8345511064278184,7.399749151144131,0.1283495418756452,684.5201810243773
0.13520297449782562,0.6981451531873966,0.00655063398088354,658.3244925008445
0.11576767676767696,0.6260835848882437,0.005671647070701195,620.1916600781686
0.12062395808525833,0.4937651565464136,0.003632069143434976,640.1731209384326
0.46142767353523834,4.123831428011217,0.032407943284951495,655.7334343136445
0.803650406504065,7.278611770317518,0.12398404439025092,691.3079425
0.09730849947533786,0.558244192752536,0.007815946023090959,619.3314630592265
0.8476884422110553,7.9252738382705745,0.15055512643217028,668.3198695
0.7479885297184563,6.578723029682882,0.08002828354535334,671.9363434455299
0.49381128228512344,4.639061361931,0.03649645046122689,616.7520174937184
0.12428744939271262,0.5058111663794523,0.006271717570861952,667.8746352772506
-0.031778130868115845,0.1546076888929645,0.0018801227791356494,664.7577482397969
0.7526387470207548,6.619529377059924,0.055385805415810986,663.4881023007692
0.5775775775775773,5.143357513152168,0.045285345345345285,671.7741845
0.807311871227364,7.29118061307006,0.0858472413682006,693.923084
0.5180869128237547,4.678839282569979,0.041349486733693756,662.5435604740494
0.7983644067796608,7.076963500520392,0.057955782203378416,631.845135492331
0.33795226378464666,3.2651887146965706,0.02452671878405251,659.7185189898859
0.5053306189993391,4.7120601685290655,0.03334291251986495,636.7903915309605
0.09173659188948771,0.26886839397564133,0.0016609814606539787,660.8436490091666
0.8611180799008762,7.693390657748512,0.17380735929649735,654.0419334517151
0.810818181818182,7.433882478535516,0.12272840242425506,666.9702485
0.85833232747982,7.707805432398907,0.1408589728115248,643.9304908688603
0.6230843497570171,5.6731667878581,0.0449406779519237,660.4158784197767
0.7058762677484791,6.419849950164856,0.09733945837726883,662.652151
0.8207772430952983,7.584849518845287,0.11982398622352668,668.6203838636903
0.8775239842809494,7.9717236306324954,0.23962123340457944,648.8190414675431
0.8511784511784507,7.960053342554755,0.13953713568114368,685.452932
0.7798081952920565,6.640935817147581,0.09230233740753852,647.9881183181043
0.5619412856682324,5.330251239584854,0.040337684418803796,648.0400598860892
0.8144362439616649,7.157869189631855,0.06041550151926287,667.1848816134851
0.8143542312804732,7.301544458576122,0.08693909288879553,627.7986297613969
0.4697980871413356,4.1619715481360355,0.03326567156215997,616.4628922248388
0.6133846959742095,5.496367914814,0.07777488654292304,683.1179692938251
0.9344987202785805,8.184385274747351,0.2503684365990814,623.3248932524533
0.7724112447713927,6.902196218634544,0.06494597405694807,672.7418292462761
0.024186858316221298,0.09307155980511847,0.004387717207401754,661.9227768776434
0.5721202695927102,5.298496574125032,0.043986466853309,627.2067539253578
0.8560144044954495,8.090730982493405,0.23300806603377652,674.5446902960715
0.7199592668024626,6.493217638558033,0.0522656211812641,658.1833556006536
0.7295966847912068,6.474044058952922,0.05395148458532955,636.6066250196815
0.385,3.5026998636944326,0.0319556,657.857199
0.09986210184734791,0.48310205251328114,0.0028123267384490527,659.639234396562
0.6518683317463737,5.920423006173619,0.04533700719011869,668.6718397499009
0.4934899598393582,4.596422985028719,0.03692383108433855,627.7669095
0.8766284501061572,7.467153151217732,0.14841091600849618,668.4525942153962
0.6097900101936817,5.57999130807988,0.044711243445473614,674.4393592417543
0.6727708275732764,6.067407973334427,0.06134424024588588,668.5439486221438
0.06826068821689416,0.342389321693948,0.0021451352450460094,647.4092447365998
0.6296125682888699,5.737163236557045,0.04688143223338738,664.270999246265
0.7216829492317874,6.6644079742654725,0.050588609009685384,650.7547316539116
0.6743488466519316,5.833490752301323,0.047924606304795114,624.670466820065
0.9415057471264369,8.43118355174839,0.25485916685475013,648.2231738709232
0.865417589521306,7.87952409012574,0.20754531248475294,692.7086711816058
0.8013657382285375,6.991467834961446,0.11852450831934518,657.9238982364269
0.8865622200637399,8.045996222197203,0.1552480921222429,640.0420245919682
0.4532500000000012,4.015904220456444,0.031120844193547225,692.1613424690571
0.056510510510510266,0.3031373121772812,0.001516089349349397,652.4195585
0.7507855934251758,6.82515810289113,0.10275886197725793,644.6656158274986
0.6050280842527563,5.359194582547801,0.04746047590772469,685.1443585
0.5532044088176343,4.860098348044821,0.05379215274549453,685.0913862632017
0.10553277735939824,0.6202873464578115,0.004990219011573779,683.2661518708462
0.6356907663603117,5.673992675453558,0.04775493824277657,638.8538808067302
0.6882028397565926,6.364447283750468,0.04963184381337543,662.9823385856793
0.4166303963998141,4.0521454495748985,0.03070461271567029,588.3928374585126
0.6496158221944164,6.074487817129365,0.04823198477307861,638.6609911863279
0.11348178137651843,0.6827540269524198,0.008995601943318195,660.4746152644612
-0.05152038519913304,0.29809944325389387,0.005992651488979013,644.330773387239
0.812847162844331,7.757034001143699,0.14356613970751964,658.5528163590678
0.550286343612334,4.98868567918823,0.039686782026431396,616.6492412946376
0.11838716131546236,0.632972776412918,0.004167188757729194,646.4995577149172
0.6096910163175225,5.813261973855479,0.043898596970463916,658.3599055
0.15435449735449724,0.5307357797380501,0.0037240859259287714,670.3381849430775
0.6386824556794103,5.870629909191898,0.04778069111336183,661.7381118437723
0.8162740189264996,7.125644962849789,0.0664109207792468,675.3972738602105
0.6947326524791319,6.4312850544006945,0.07837919826652645,674.7938668005726
0.04727234334584105,0.27099536576522715,0.008669386960892487,651.1850481677162
0.12358927749913189,0.5371887216893282,0.004619636022928898,625.999505814487
0.5664647630468912,4.473821434296112,0.08565654077556521,553.2476783501475
0.8289590163934427,7.380477896378465,0.057128257868858584,661.7591306225521
0.1345675675675684,0.808874766110436,0.0025637556756682037,659.6830131395096
0.8164814534215894,7.0521463920166685,0.10937809411435448,650.3693718343695
0.08917946127625018,0.4838065460414437,0.004830057722660343,642.6215957273488
0.07842421861113479,0.33211669399012345,0.008296655159834916,653.2713837287853
0.7687811926725917,7.1225382022733115,0.14779820132429056,685.532951397289
0.7592398145589505,7.0309189491384965,0.1085569479598414,695.7136315402155
0.562063829787234,4.918118101887601,0.03771916468084439,646.9339986475637
0.6204487856388583,5.528651615490905,0.05656931938754422,639.7553393549298
0.7079617397440044,6.6813062466622375,0.11999649300586486,693.2988643476953
0.7722916666666667,6.632540908342404,0.07197300500000872,641.167963460611
0.5496194839260503,4.998443651598476,0.0425971919573332,694.0022209759047
0.695,6.573693263312869,0.0497619,664.570554
-0.09017525773195707,0.4044011700596739,0.003519305154637085,692.5528866685031
0.8410267061111849,7.670238277190007,0.15146164724832825,680.0681069230866
0.15227905390177282,0.7895979890738553,0.005172817482787041,657.3458485119972
0.8053733602421858,6.820194303437894,0.1270203677858933,682.9487963859568
0.15897548518896848,0.6232214337476815,0.00571617094995194,670.2929180687308
0.10517702694294181,0.5125543949966378,0.005954025885131934,639.9145078986529
0.785599569429494,7.0957797323695155,0.1349843361679237,672.7486936702549
0.8117817299164446,7.320050934224024,0.09548694684322194,667.1584930857599
0.5806288659793819,5.637167109854771,0.044880205360824335,678.1375350044658
0.4597401190043211,4.41840035712605,0.038526015191253225,629.113566285804
0.7746229221619149,7.324443324614903,0.1272902969813856,643.0330138998547
0.13811509071284614,0.6261104885973259,0.004961053270931147,635.241810846231
0.22655620519389078,1.2856903035439338,0.011314851104264407,643.6631202522371
0.664496993987977,6.207590641855529,0.04994906240482138,662.439954
0.17149469217071894,0.7780980453795574,0.006300663742344938,663.9186515688738
0.6755126903553288,6.312875530107412,0.05131132598985708,667.981396655235
0.5198082183044224,4.962091361118789,0.038688039133982215,651.0161716305167
0.7782871690427701,6.7518313037605004,0.13028813221994998,662.3563555665979
0.761957758553524,6.913844748840419,0.11328696544310198,665.7876617851347
0.7440041109969163,6.676464449340202,0.09714840813976926,653.2517270364566
0.23800661703887546,1.1321265420958473,0.0042674281430938035,658.07762225998
0.7670846737102424,7.042444122586007,0.05867974223186756,638.4091305699482
0.711838125665601,6.280427581985627,0.10888752251332226,682.3297670379227
0.067507223535593,0.3113191252248531,0.003592257995913716,666.4447654122541
0.8818910675381263,7.505852769697199,0.13442758793028273,647.4828543714632
0.156,0.923540796066963,0.00603758,688.30337
0.6425077081192176,5.834171500039608,0.05341564657759284,648.6876126841935
0.584184130213644,5.140593515669081,0.040547025981682736,674.7396529799371
-0.040388312354835094,0.23225024163771318,0.0036460127088921578,650.9412108092017
0.8403905447070972,7.217081722634495,0.11052244736455219,663.0668699660183
0.8504980406480379,7.794090804021144,0.13863004380941032,674.1850330930625
0.15706255035523387,0.6150003952260045,0.005242727422545899,646.7918915429124
0.5854662767830295,5.3978935038231555,0.04349830082841611,680.8345623264119
0.6363227513227526,5.773844444006571,0.048842965714280956,663.8144194338196
0.8873546099290781,8.355830517489991,0.24100291398177529,678.3165245
0.9157843137254902,8.13431055572581,0.1596424932301433,678.6232896979543
0.683,5.625443916094533,0.06760028,666.2416915
0.8732846981787314,7.85578114603475,0.15618211068964777,651.0921950827174
0.8003107651142376,7.423402094649546,0.12619343487098839,662.9917685917435
0.5269019019019017,4.766534011936054,0.03449211904527713,654.0311309267123
0.8697141674473204,7.750351454385588,0.14035146966296194,672.4757217414389
0.6473807505911968,5.942359690554622,0.04930321945354975,636.9969632950133
0.7545551570727589,6.893917283324696,0.13171006155293394,674.2486690174367
0.7540652554213246,6.556523827029174,0.09919153980722516,664.3150018148897
0.8175081675081736,7.307472230980193,0.11663432258474933,641.1473229894355
0.5688185754552663,5.2929709505017195,0.037216404955579575,654.395698789753
0.7850321818495014,7.170151448235748,0.10578232840200019,647.7619108039975
0.892781799379535,8.130653862596029,0.1581500143035931,647.2638954280166
0.19543193997855807,1.6791685902514395,0.018604581736326307,619.6612621896115
-0.07415715823465836,0.17823398818436634,0.0019129857265812243,635.404758108213
0.8211586199202295,7.548551095622693,0.12108193561983632,659.513885353357
0.7935975790352002,6.814335532403562,0.06198215419723907,653.3413308435933
0.1999088104415139,1.1958925256720863,0.0055720775504129166,647.9104331413035
0.3378282828282802,3.30798429969556,0.02366311111112082,684.958297707131
0.17276727947459686,0.9370012494686344,0.0028775746478191346,639.8226730428796
-0.070995792605457,0.38883980358856585,0.0025179415263707934,661.3450315964997
0.8441686251974355,7.481090863072026,0.13266645453742532,636.8811136461555
0.892633401221996,8.225572663056685,0.22998987832992934,683.8760465
0.5347312402923367,4.643109237352648,0.041428933576081725,659.423076789519
0.7955957746264294,6.994579103349344,0.06325273835306251,648.8186224304453
0.6368753979415054,5.783934313690135,0.08498695882881863,653.1575120122816
0.8126854856178208,7.381467819790857,0.09446508024591589,626.544293891056
0.737188210815767,6.834292646265344,0.09266708674227626,656.8707125555964
0.8050106609808204,7.377979888460428,0.13104996923546008,651.9557441421462
-0.03982965931863715,0.14227797357942648,0.002674319158330856,660.991939
-0.02548387096774125,0.07648944288143246,0.0031450817741906652,697.1891466573086
0.6153158953722347,5.916659141838914,0.08169743826961226,666.9778795
-0.07536450584484577,0.3235017432164649,0.0014285888629143116,668.6166168358718
0.8079646821392531,7.76662734338832,0.1603598727547908,673.454758
0.6900345859541437,6.437876029589889,0.051952148366466874,652.8883149537834
0.7675741675075678,7.06302232540489,0.11767120110998551,657.4143015
0.671555837164846,6.04535309947698,0.09012674021001049,626.0302658055571
0.8201808731808731,7.493893885816118,0.1402778883991679,683.9239902454982
0.7690493372636917,7.305582092963853,0.11984306520134883,672.1747874837864
0.08468451736057349,0.3836580704119015,0.002517561698397776,631.6327611479237
0.7227761393022832,6.820508357064496,0.05150042383427932,667.9431975900819
0.6622838515546627,6.110134881861687,0.04640442820461187,667.301927
-0.026062526028342425,0.08363845169245497,0.0011804999513188486,666.6042210026046
-0.077976241900648,0.33104363838910156,0.002274289416851117,674.1861365109482
0.6727919318377992,6.01027670285357,0.05084202077703833,648.6073958570523
0.7354354838709669,6.625713314821122,0.08284049806452182,670.5105985289857
-0.038865865865865934,0.22181820285426346,0.0027586202402403136,685.6497625
0.5965075130315282,5.396520849555627,0.04692222529749425,659.5893187010088
0.8922252803261977,8.074330093228873,0.1914700120489404,684.1820758240516
0.9319566930453942,8.475165987408491,0.25981856838071443,659.7532102782092
0.1516098606645227,0.8263355359721153,0.005818509796351167,654.1216068204463
0.5107933801404189,4.650551950427001,0.03734257949849164,688.387924
0.7846076857315482,7.219594034840089,0.10147887113993184,661.8092727434062
0.7041366943588303,6.503144948949305,0.08878993386491425,651.0878950473661
-0.025205344014590264,0.10696138523605346,0.0019825383646801644,649.9875058627163
0.5966482412060296,5.656649763801096,0.04179845557789871,688.698751
0.12165517241379312,0.7104382379028281,0.007396357241374846,638.6349640685363
0.10589277802392677,0.535811954171617,0.0015174821337701158,676.7087475152651
0.787051237634155,6.890630640026776,0.05832146243184431,621.1819530436596
0.2085882352941176,0.9406560511491554,0.004517235966383257,652.8262674352528
0.11484358852779904,0.607505248710656,0.002371205334898907,675.6750162330256
0.8530021053698433,7.273040318139164,0.05774599472916577,645.7386820302607
0.6709065753651743,5.826929296893557,0.07878678869953201,611.8762135335483
0.6259372378775359,5.787524613019757,0.04693504387116299,626.8256852270234
0.6637714930200791,6.423391819523199,0.04714128019662812,659.9517070012325
0.6219690721649498,5.837562693326167,0.051290475463921306,674.529530448153
0.7851441514418576,6.885064575314564,0.05465232884059324,630.9301182895975
0.615324149545598,5.713538372778468,0.04821818800633248,697.2544797244553
0.7846485598501719,6.974764558221401,0.1089095925360879,682.560993
0.18418501592577396,0.9379980108390938,0.005318299152720267,615.5882904625979
0.5537148594377442,5.097404316980625,0.04340076621000082,700.5399687378547
0.8938532731636356,8.012245545430785,0.16509377959972352,649.0236781930105
0.06446335619268012,0.18448115020750494,0.001539658101297352,634.9612558307118
0.7167210331114181,6.66450759652954,0.08920382233345142,645.3162428203776
0.4429883801039945,4.197587337126162,0.03678795978580427,656.9622842958922
0.6883522267206479,6.399424135233157,0.0719059293117202,680.0457918490143
0.5247637998504825,4.953569809721045,0.03458443546504209,644.3465669033197
0.08292515673981106,0.21865787944592172,0.0031399733542372163,654.3296961949918
0.7586277822507737,6.8154511838433605,0.056721284202051164,646.2475722179424
0.5498992731048823,5.1097019093847145,0.04818095300104075,683.74442841213
0.7961337760910743,6.94997793879877,0.08227901480753483,648.7499754368944
0.025773195876288787,0.10292793241740286,0.0017530721649484371,641.9124019555744
0.7887029288702764,7.057945932774195,0.11756184100417987,637.7792170766917
0.5571102352352344,5.255324037646197,0.03754852733984567,660.6660677593613
0.6784130864532705,6.265138806668622,0.04351447312638964,654.5147077215652
0.773063715370426,7.175535564490583,0.16000234589782422,683.7093575
0.7366154542625063,6.718244939943682,0.11673837648189857,634.875921581436
0.8371452528379638,7.429206903351396,0.16722468311402758,640.8575326814752
0.7182990357589704,6.420662836442825,0.07291053455796048,668.0797415144541
0.7697596748000579,7.053418227761189,0.10855606171033795,689.485053556496
0.5630932203389845,5.385156023099091,0.04369043254236717,651.472038684003
0.8592437971952535,7.900818975013047,0.14729091605176867,656.866243501448
0.5778917793964615,5.263859529759898,0.04273599465141,664.0473533495312
0.5950740914916959,5.210060054532703,0.04742073729819888,662.8944712380033
0.7997841501564129,6.871007295854082,0.06349108016683387,633.8302897349324
-0.04321516270816141,0.17506843073052417,0.004930760281463459,662.375584238053
0.7960767590618336,6.958392357965022,0.1326513366737738,671.5582187563696
0.10697560975609693,0.6355735648242367,0.004610576585371679,690.2353756953123
0.14317586912065358,0.5077858082894335,0.002801881022496435,639.7541793232717
0.810715144333983,7.051868750078255,0.06756309049424199,608.8907401609472
0.7366833952657021,6.675751320599624,0.055436727319254,623.2985659695833
0.38255867602808125,3.5933826604282357,0.02699692407221179,717.822989
0.8257533401849946,7.327409409329174,0.08018657498458033,677.8664764701954
0.572860724315085,5.349763426552924,0.044132968374591075,676.848601
0.6599665271966519,6.088994612116355,0.04895640133891283,656.754171088687
0.7785374712889195,6.735730252747181,0.1272736132685206,636.0086248851499
0.6233084147977768,5.750599393320689,0.04164885183055733,673.0082427396359
0.7448864424519738,7.098940351281205,0.11897739446061328,639.2244621981074
0.8723464071070653,7.925147927800943,0.14580289734650234,651.9424469281238
0.6278909429908577,5.898356778495931,0.044113731649946475,624.0455102211431
0.6540203468774883,6.02671580532089,0.047621484790912987,647.7908701675569
0.1466014730062726,0.8229003749764817,0.004815805803672613,632.5377508157354
0.3650225733634341,3.276998477947961,0.03064352392776728,625.384995038471
0.7648897014067577,6.697140753269288,0.10624036205505843,673.8709849294785
0.04416300940438604,0.2333298689029984,0.005074975151519003,659.4388312528132
0.6360238658110832,5.882597593412492,0.047223955870755216,656.3328575015676
0.664,6.242341530067063,0.04959816,660.585275
0.06259322033898276,0.25148657640827876,0.008204410677973787,637.0237255135314
0.5951836734693869,5.308372467663211,0.043837947755092976,690.7601689009641
0.8629648927952738,8.375403283036245,0.17666158162962825,629.8911148474183
0.49566948257655863,4.24847185406683,0.04690676187962324,628.5813780852573
0.8131612504426426,7.25817070563386,0.10190281814219578,670.7414016186326
0.6569035740074591,6.033595643370908,0.04467875565290132,657.5937695804781
0.902228813559322,8.22031076833288,0.27209093389829797,649.4203586249583
0.791218916046759,6.437653567635837,0.10789095239106691,695.1757722567793
0.8313139040805756,7.711645818518078,0.1893747785210137,700.660861544243
0.1341133929737494,0.6284633235177041,0.0023512513059818483,648.4023591349371
0.6801445377172539,5.173609095470765,0.06400556090693904,704.6419985
0.8821606999560118,8.015110619273033,0.15184243107867856,653.2352462158387
0.7673778864546037,6.797645139951494,0.10704208120525184,614.140472778233
0.700003684326866,6.40742142993183,0.09491675533612473,687.4826535208497
0.7369148936170218,6.334123180440742,0.09694319872339659,657.3100732937504
-0.09194123606889748,0.37449984317154794,0.001447027740622798,664.4589515493773
0.5567277599142542,4.855081456105721,0.0377606534619425,656.02316465295
0.671257645338665,5.975232543962939,0.05608749407936264,644.5505473185801
0.8748085692530188,7.7880951538795395,0.09565077226799494,646.3254764163106
0.81638430583501,7.3706176442659,0.1445474810865118,661.7878535
0.545,5.201116476344286,0.0402098,689.0763875
0.7124135944700383,6.185661498228402,0.08621221011791674,622.5954648766857
0.6851426970850728,6.0986925627329285,0.09185006530883717,658.6701609101066
-0.06782663832009425,0.25363638978503006,0.0033791431999254384,671.8402754037371
0.8336057201225741,7.655821416263232,0.13889167460675,673.7254804644155
0.7430624370594155,6.714118109070059,0.05356281174218698,683.83547
0.7205708502024293,6.279897891569718,0.05404274963561773,665.142541050266
0.7155203108675026,6.6214948758545855,0.09240352971937545,649.5843851780222
0.07042253521126539,0.37043093165270535,0.0023212824774731175,677.6112089722601
0.7546148445336003,7.025760273937784,0.09400661761283424,690.0142605
0.6106908276967278,5.679191598766402,0.04782570540340903,674.2702525579741
0.8778739286415851,8.144242113178265,0.16769509471378047,652.6872022419819
-0.17134831166244638,0.8035805322959436,0.00241242907829548,665.3241099973475
0.5455146307756896,5.087849905264333,0.036739161631727,647.6136679737893
0.7372506598589504,6.396264320376887,0.12580952295445214,644.4479138221581
0.7635652546531154,6.758817285450216,0.10613507521142274,611.9490995039351
0.7317055733087663,6.323843126129189,0.09617207779883805,619.344565044755
0.35946398307315625,2.107431064618071,0.019756201353734404,753.0301766875972
0.6537654498419179,6.132640106750175,0.05124138143144581,705.7849340651412
0.7543212851405625,7.13215909234432,0.0938839218473912,683.1033395
0.6604372864498828,5.818511632648475,0.05076438751556964,623.8633555516371
0.7572110846830392,6.542618387031675,0.05186424340240965,662.9759818288469
0.7043217306375198,6.553601699228633,0.06988231826967106,663.3235441234654
0.8624050545081883,8.070639431422368,0.15655391516227457,662.074255
0.6066641524050417,5.934704744151761,0.04083568446696915,666.487478069611
0.7485984978494175,6.653701832670094,0.05299528596417087,665.4009152949932
0.1,0.6809386008481234,0.0046742,632.4604845
0.9149762641898864,8.078565106688895,0.15358007240454638,658.5714505002654
0.6266082474226812,5.84494109007245,0.04760660762886894,646.3419468830889
0.5320315239096928,4.87032331397342,0.03856139577141236,718.245275017414
0.684372929600273,6.230151880570533,0.1056402423952311,681.9573056144262
0.9231279663127887,8.506589765011164,0.30950367761325737,652.7582096427734
0.04508351097741497,0.11466019040210045,0.0008416353480932739,638.0679618588944
0.8121682211204081,7.713664373018414,0.13137705766803426,662.7861653672402
0.12333057851239691,0.5969135588865834,0.004467970247938554,662.9512114912987
0.138,0.674185675556074,0.00479298,680.102991
0.6307217217217219,5.799177570687828,0.04593049773773749,651.697536
0.6891472703783493,6.360613159935887,0.09208762065799063,672.1433305
0.4210688123807521,3.814514674846642,0.0274908028043075,682.7856561427931
0.8561207430340558,7.670799140634739,0.13300304319918224,682.3601238169425
0.6514593063888843,5.776476844227267,0.05512523420805084,693.9501892841909
0.6242491638655207,5.755391250444302,0.04008721369237377,652.051212684692
0.746081603954842,6.735564305599713,0.10639281731473103,628.096533268637
0.8795463917525773,7.803219493106654,0.18483809938144716,663.2972916336549
0.6075241908575223,5.287422201140332,0.07387953342230771,604.551947526983
0.8620468431771895,7.962234588271192,0.1339599262321671,654.6861550358655
0.5421151920463428,4.995378164498103,0.04444996182318367,651.8426071056768
0.10319445955255789,0.3131379496188594,0.001838204750842173,648.291817893108
0.146,0.578862097675258,0.00668142,668.6642765
0.8072764227642278,7.252903038256268,0.1021848676422829,679.4227483884067
0.7943589743589745,7.244763751048006,0.0516470851282034,676.9810779633813
0.9336753861285143,8.596342236168358,0.30655454118354397,656.4802484264642
0.7203277588232179,6.2572981382517145,0.04530111563286591,623.1115685169198
0.8124359151720385,7.512288124350954,0.11747069537125414,698.5227748759428
0.7395643666323378,6.767706603831799,0.111411146385178,661.6842514769387
0.7012271378464421,6.1054834917389105,0.05475090985665072,660.9473946241583
0.7575214200498948,6.802254813982826,0.11176896761299891,642.0663188283346
0.7794392442279763,7.224859586946978,0.14709104183271926,680.2764972648505
0.8894080996884575,8.002671388886613,0.1605257823090597,670.6706012151815
-0.0667793326157149,0.3790476909033159,0.0015537069752443616,639.0437223746555
0.02617766497461939,0.09369372150176808,0.0012699060913714502,668.9652463834086
0.04073630831642187,0.23230104604894364,0.005663931561871277,660.2300545655287
-0.05301878642126918,0.3038598639010082,0.002837558492102088,662.7969153053722
0.08078374102470601,0.402943253403981,0.0028850148472756884,654.5260529101055
0.6725098650051927,6.216813310019228,0.05518256033229872,647.4517790414177
0.7520756302521011,6.569617310979949,0.0597957835294139,641.8554756929149
0.1644075776028704,0.9127904701721932,0.0057259859583229464,662.5078949496755
0.7195243128964057,6.410184721108114,0.052823275983084235,644.2979201680033
-0.03703769401330401,0.10942684990683968,0.001457753525498743,632.3287208213551
0.5456409670932085,4.9739211309477955,0.03328612912431894,665.9616352827265
0.32359336099585034,1.558538791056258,0.009992530124477208,656.2461751696512
0.5101432313730346,4.800703259397319,0.03505536792960513,649.0718820749353
0.9339555106167846,8.751480378617758,0.3505427337714804,667.4534465
0.07239032358870691,0.23231724133047352,0.003692291474645518,639.2779135052759
0.6469738219895297,5.861942591774992,0.042079302303667875,648.4110966602219
0.8639550560856902,7.891829195888845,0.20015168977227876,691.9500432688372
0.6099289853528388,5.772571453092232,0.04421896346352779,675.1409485
0.6989690721649489,6.410655565263514,0.044256016288662305,658.9800512337332
0.850048577989754,7.611505024259765,0.17442890224258356,632.436194090136
0.7085778459688953,6.555221817799487,0.1059138970911346,678.8383487419826
0.5784328657314639,5.598467129092712,0.04279567711423168,657.2029405
0.8426275540751562,7.477876360449452,0.1526561543337588,646.3926042328715
0.4504676870748227,4.253191323868616,0.03297702721088872,646.6829459569802
0.7273214068394653,6.583780612779162,0.05463578082024246,676.998684264863
0.776160751565762,6.805795223755262,0.11300371599164935,663.9033970247837
0.7863689320388353,6.996906579011644,0.1356970691909257,618.9246636608264
0.6380703827512145,5.8188347497284205,0.041080137757568004,680.840026533161
0.7455316224917908,7.053373260068052,0.15867199980052568,636.3589270043544
0.8110157068062825,6.967863937817498,0.11527779497382783,648.9743990243774
0.16957971014492776,0.8631510805607336,0.00437328223603315,656.1378050512965
0.6467706422018366,5.641830640422854,0.09822109213048863,670.8538186280733
-0.06364803312631821,0.2546466961323338,0.009732657846790537,658.4714931011459
0.6543158861340775,5.956148843968488,0.05244576511872036,621.3892786259228
0.9459388622641237,8.608367080442134,0.34310687237974097,645.6583149396348
0.7113732251521301,6.37255579142509,0.05240262689656122,658.568094746237
0.7118592245291117,6.571008190687681,0.051076280603534495,635.9412269133933
0.7131917325050372,6.298902610806436,0.05893945896540418,661.7152251744374
0.6296787564766849,5.930612183895931,0.041915456787560666,641.767985654319
-0.10878678678678688,0.5411910421102943,0.0028324178778777356,665.9742215
0.626392397607222,5.707460485485308,0.04099518329689888,649.6733609049319
0.6541776649746178,6.046000908800072,0.05094567573604411,680.5528785791673
0.4990062325170628,4.752331634638879,0.03843990757555431,644.4307597619235
0.6718253313876777,6.295199494825489,0.05418319826838801,657.3296446000478
0.8097982128178721,7.264483012925825,0.11423916410785971,680.9455833184004
0.036111323187595155,0.15031611658917313,0.002670285879104205,670.0612599916301
0.6342295760082713,5.916912216315108,0.0450625344363936,669.3463267570382
0.8212158873181008,7.326354389385719,0.10458134159287058,645.2424004254249
0.8592046592046587,7.5456476212681585,0.09605680498681667,686.620258
0.5744488977955923,5.3109715243680995,0.03886327250501763,691.937372
0.7837419990657938,6.837558619586923,0.06259065425185042,658.4379085468926
0.7533298654212122,6.694980938735705,0.060505315193049386,631.2084056487108
0.6250040484518651,5.967678549241225,0.04883802945653211,664.4110498647817
0.7350552935604157,6.921884227500399,0.11431095061677395,680.1277772734273
0.8996520971894216,7.843432706379082,0.162803726725988,647.2131077566555
0.6884422110552595,6.243639803275752,0.05386894472361666,660.061779493961
0.6771057643236658,6.297730784599319,0.05017108486121532,665.3761486278511
0.7736504029078569,7.234622207827433,0.09024472200318484,636.8774162904856
0.7910645161290323,7.223161503284546,0.10260020500000284,678.060946
0.13552152152152128,0.8480790253968438,0.0069695035435436686,667.949231
-0.030782378740967037,0.11520080426978739,0.0016673513286881764,643.9159278315975
0.7856711298617551,6.751786672635215,0.05842470288159725,655.5090846911198
0.6717736450584488,6.15179672793235,0.05336985326248659,667.1961106411599
0.7295002578302071,6.345946451604275,0.07523663805125562,622.1011040111033
0.6423728884886196,5.969301495002535,0.04889202629339588,662.6304277503472
0.8378914395747645,7.904117976366849,0.16784935956536465,646.0502430282605
0.2113411353078251,1.007840967845994,0.005566102658282552,627.0981315936004
0.8316457883369329,7.210525850746168,0.09097494673866714,636.9192654670508
0.037897435897435994,0.15548680585974434,0.0008075035897468369,657.6540876079195
0.7391973753732265,5.809237551077156,0.12280184564343997,660.9808741461302
0.6980675906942931,5.992119993140392,0.054221404725948115,673.3833212574079
0.08404809619238239,0.499619525541953,0.007442256472932038,671.6766405
0.834338927090184,6.627725592162823,0.10558934151470913,654.0901783996183
0.7190534187438204,6.193316251706994,0.05189204232095027,659.6107819442681
0.6372353949041066,5.8386386952779326,0.041738543144372156,666.9673180405779
0.7109973901579458,6.18159228790676,0.08148601563752617,606.3840875365829
0.06193318022563818,0.2980246015397439,0.0044448210903022724,657.33369810642
0.5832369998348695,5.541252225833875,0.04393815473588325,650.8084917099685
0.7828371828156756,7.235460561965654,0.11376302945515591,641.8658081192937
0.8403829718180544,7.8978604653092255,0.1498852828041481,660.5905662557747
0.7021945005366459,6.41108516842171,0.04694143572813414,640.786917274396
0.6152783505154651,5.616929354347303,0.043334104742267565,655.1675187654091
0.2128297858434424,1.2522235079786956,0.007520074442824896,635.4749046574735
-0.041815513626833556,0.1847506204812238,0.003617848930828405,653.4562851914795
-0.07039409151232001,0.24990373293737708,0.0040389200469143315,648.3192744938682
0.6372887474897767,5.5174709449896975,0.06006652444417791,619.8233540431354
0.7613191244239751,7.085937037772907,0.09016387812707823,660.3823887471973
0.6036694915254255,5.7224138035741134,0.04304333372880571,653.7208204683891
0.6764493480441315,6.305819423003805,0.048128497472415266,655.64476
0.7999210831339972,7.4482266809434,0.13771333892329632,673.1680230717432
0.5401306532663338,4.882310562767767,0.03888964381910333,684.2652392073303
0.07865147198480518,0.3225641351390019,0.004465656853423071,654.4650091403286
0.7125696939211744,6.738971215499164,0.11890727894852322,640.4332530268596
0.6413999337344215,6.0400064359930346,0.05244799880130925,649.124503518588
-0.1366296339660099,0.6419159712429379,0.002719491819418469,647.7221447085509
-0.02243514644351533,0.05850960397170846,0.001350397322164549,653.2215729736205
0.5595182186234819,5.148184219921303,0.05390268793520108,683.3783396043852
0.5784492154404218,5.355235175198963,0.046503215994197246,661.6836750992624
0.7495441329179645,6.931625369644989,0.08653775472482142,679.4645855185962
0.758163265306134,7.044088731380143,0.11137785714286029,678.3735930081724
0.037294498220613835,0.16162521067082627,0.002482759319472243,642.4916229370731
