Id,Lambda,Phase,Bit,Base Size,Base Mean,Base Std,Size,Mean,Std,KSvalue,Mean Diff
266,0,0,0,944,102401,2937435,1000,6265,3772,0.146746316868243,-96136
273,0,0,8,944,102401,2937435,1000,6749,4857,1.105020657942722,-95652
269,0,0,3,944,102401,2937435,948,6865,5407,0.612315229692941,-95536
271,0,0,6,944,102401,2937435,961,6872,5105,1.587656102261042,-95529
274,0,0,9,944,102401,2937435,962,6886,5595,0.414365516288766,-95515
272,0,0,7,944,102401,2937435,948,6924,5493,0.628591353114019,-95477
407,0,0,9,981,98043,2876139,915,6276,4265,0.199739224104605,-91767
403,0,0,3,981,98043,2876139,934,6321,4350,0.234361410652573,-91722
404,0,0,6,981,98043,2876139,1000,6435,4419,0.436671087319671,-91608
260,0,0,3,990,99896,2869723,979,8415,9969,0.44099394430918,-91481
261,0,0,4,990,99896,2869723,981,8428,10419,0.440249514769566,-91468
405,0,0,7,981,98043,2876139,991,6624,5167,0.276782994335175,-91419
401,0,0,0,981,98043,2876139,1000,6659,5406,0.276522482052283,-91384
402,0,0,1,981,98043,2876139,980,6788,5852,0.333506081996716,-91255
406,0,0,8,981,98043,2876139,999,6816,5508,0.381014394316661,-91227
258,0,0,1,990,99896,2869723,944,8697,20573,1.082475425808339,-91199
259,0,0,2,990,99896,2869723,943,8738,16527,1.222396710932197,-91158
262,0,0,6,990,99896,2869723,968,8756,18929,0.397529546719536,-91140
504,0,0,8,989,97561,2865805,1000,6777,9127,0.559619303384813,-90784
21,0,0,4,1000,97012,2857431,938,6353,4371,0.343932979722982,-90659
505,0,0,9,989,97561,2865805,949,7005,6184,0.206986396130985,-90556
25,0,0,8,1000,97012,2857431,976,6573,5110,0.484102253699045,-90439
23,0,0,6,1000,97012,2857431,948,6618,6024,0.670335693632776,-90394
19,0,0,2,1000,97012,2857431,890,6628,5157,0.214315819840731,-90384
551,0,0,4,1000,96751,2849113,953,6404,4920,0.601717561468597,-90347
24,0,0,7,1000,97012,2857431,891,6688,5367,0.09435660039666,-90324
503,0,0,7,989,97561,2865805,1000,7283,13277,0.404490467516696,-90278
263,0,0,7,990,99896,2869723,964,9629,20162,0.422982945271564,-90267
554,0,0,8,1000,96751,2849113,971,6523,4873,0.20338085362348,-90228
555,0,0,9,1000,96751,2849113,965,6525,4823,0.105810561602944,-90226
499,0,0,2,989,97561,2865805,980,7383,8901,0.558839654626321,-90178
552,0,0,5,1000,96751,2849113,1000,6657,6002,0.434501549047872,-90094
549,0,0,1,1000,96751,2849113,959,6678,5337,0.3168204115415,-90073
550,0,0,2,1000,96751,2849113,911,6707,5905,0.330925391746364,-90044
553,0,0,7,1000,96751,2849113,962,6779,6001,0.417965725310413,-89972
20,0,0,3,1000,97012,2857431,984,7219,6560,0.172650833755618,-89793
501,0,0,4,989,97561,2865805,938,7785,12814,0.5742771382039,-89776
500,0,0,3,989,97561,2865805,961,7825,18346,0.412266971562951,-89736
22,0,0,5,1000,97012,2857431,931,7902,15896,0.586501273408753,-89110
267,0,0,1,944,102401,2937435,992,13619,8491,4.180890550050094,-88782
502,0,0,5,989,97561,2865805,955,8944,14966,0.847261659225591,-88617
270,0,0,4,944,102401,2937435,977,13906,10252,4.243920928578529,-88495
268,0,0,2,944,102401,2937435,910,15388,11750,4.862175074607997,-87013
264,0,0,8,990,99896,2869723,937,51775,1313513,0.261715615842017,-48121
26,0,0,9,1000,97012,2857431,888,51810,1345229,0.273603220975306,-45202
610,0,0,3,970,48885,1288525,980,6265,4241,0.427245831171842,-42620
613,0,0,8,970,48885,1288525,931,6370,4671,0.465419656563335,-42515
609,0,0,2,970,48885,1288525,889,6420,9147,0.468360650774785,-42465
614,0,0,9,970,48885,1288525,1000,6436,4603,0.47022826459942,-42449
608,0,0,0,970,48885,1288525,964,6596,5457,0.730204799153612,-42289
222,0,0,5,975,48572,1285980,934,6394,4613,0.698316972522395,-42178
612,0,0,7,970,48885,1288525,955,6748,6521,0.478070307163107,-42137
225,0,0,8,975,48572,1285980,983,6524,5044,0.806954241415072,-42048
223,0,0,6,975,48572,1285980,881,6810,5568,0.277818704165779,-41762
221,0,0,1,975,48572,1285980,941,6930,6108,0.363837058127396,-41642
224,0,0,7,975,48572,1285980,1000,7231,6339,0.419016092054241,-41341
419,0,0,9,1000,47067,1267929,965,6380,4699,0.238804721730494,-40687
414,0,0,0,1000,47067,1267929,957,6439,5118,0.263924889474037,-40628
379,0,0,8,1000,47018,1267485,966,6398,4672,0.283700228020705,-40620
377,0,0,6,1000,47018,1267485,970,6550,4792,0.45958012640342,-40468
416,0,0,6,1000,47067,1267929,942,6730,5604,0.463923968279691,-40337
374,0,0,1,1000,47018,1267485,911,6752,5589,0.159368059544693,-40266
418,0,0,8,1000,47067,1267929,939,6930,5988,0.205918614669301,-40137
375,0,0,2,1000,47018,1267485,903,7042,5913,0.197516471078892,-39976
415,0,0,3,1000,47067,1267929,903,7104,6462,0.147796152552946,-39963
378,0,0,7,1000,47018,1267485,944,7139,6445,0.127274266918392,-39879
376,0,0,3,1000,47018,1267485,921,7475,6774,0.422632155884802,-39543
107,0,0,7,957,9276,24741,1000,6971,5817,0.42040037792422,-2305
109,0,0,9,957,9276,24741,961,7080,12281,0.98925179352544,-2196
108,0,0,8,957,9276,24741,999,7420,6997,0.456292638424773,-1856
341,0,0,9,964,8006,8229,965,6890,5860,0.729397679940915,-1116
557,0,0,2,989,9515,17446,942,8401,9496,0.795929787287389,-1114
692,0,0,3,1000,7772,7195,965,6722,4999,0.397305639105407,-1050
162,0,0,0,868,7478,7023,981,6454,4163,0.605180125379749,-1024
440,0,0,2,946,7604,8211,1000,6597,5084,0.381438772220661,-1007
204,0,0,7,917,7155,6277,954,6151,3799,0.663048193688003,-1004
200,0,0,1,917,7155,6277,999,6179,3906,0.559147641578623,-976
602,0,0,2,1000,7342,6525,1000,6380,3986,0.502578638622853,-962
693,0,0,4,1000,7772,7195,962,6812,5495,0.415982237462691,-960
95,0,0,5,953,7291,7154,975,6340,4523,0.687471429866944,-951
288,0,0,4,954,7265,6619,935,6352,4708,0.38708136542091,-913
237,0,0,0,1000,7193,6813,983,6285,4551,0.423893592411123,-908
37,0,0,1,979,7153,6181,970,6254,4584,0.537083936996789,-899
441,0,0,3,946,7604,8211,949,6710,5981,0.193409987445182,-894
3,0,0,3,953,7516,6990,882,6624,5216,0.622084116460775,-892
339,0,0,7,964,8006,8229,939,7130,6284,0.448396077371091,-876
560,0,0,7,989,9515,17446,980,8642,12548,0.455676938519089,-873
337,0,0,4,964,8006,8229,965,7141,6069,0.411383006323687,-865
695,0,0,8,1000,7772,7195,943,6910,5504,0.367102705438553,-862
462,0,0,7,990,7448,9519,913,6589,5234,0.267577107507397,-859
446,0,0,8,946,7604,8211,993,6756,5816,0.18882721669823,-848
8,0,0,8,953,7516,6990,1000,6690,5410,0.499584907987989,-826
51,0,0,8,986,7487,6554,913,6668,4814,0.654897770397687,-819
50,0,0,7,986,7487,6554,981,6677,5335,0.391164445196738,-810
370,0,0,6,909,6619,5271,948,5823,2687,0.568003381568838,-796
167,0,0,7,868,7478,7023,903,6687,6563,0.40826766594186,-791
97,0,0,7,953,7291,7154,951,6504,4638,0.34891851590719,-787
439,0,0,1,946,7604,8211,983,6822,5634,0.163177468974695,-782
98,0,0,8,953,7291,7154,971,6512,4937,0.24178606735303,-779
592,0,0,9,936,7261,6686,894,6489,4379,0.28506987997628,-772
591,0,0,8,936,7261,6686,988,6496,4813,0.338375734462429,-765
494,0,0,4,996,6710,5627,930,5950,3763,0.248295676614526,-760
435,0,0,7,967,7185,7420,929,6429,4501,0.188665301496491,-756
99,0,0,9,953,7291,7154,1000,6539,4989,0.384045962605791,-752
604,0,0,5,1000,7342,6525,970,6590,4786,0.281813238121897,-752
628,0,0,1,980,7192,6613,974,6481,4816,0.285710498367483,-711
556,0,0,0,989,9515,17446,953,8823,12113,0.091064349460215,-692
590,0,0,7,936,7261,6686,950,6573,5098,0.384340952094988,-688
38,0,0,3,979,7153,6181,953,6473,4798,0.275358593350507,-680
41,0,0,6,979,7153,6181,948,6474,4713,0.475282955568149,-679
572,0,0,5,989,7443,6699,995,6766,5224,0.372620101065369,-677
48,0,0,5,986,7487,6554,999,6812,8671,0.570530284476498,-675
696,0,0,9,1000,7772,7195,923,7114,5971,0.290179618667126,-658
340,0,0,8,964,8006,8229,894,7349,7101,0.261216122871006,-657
1,0,0,1,953,7516,6990,969,6866,6053,0.519794132418473,-650
629,0,0,3,980,7192,6613,997,6546,4897,0.190265719641587,-646
7,0,0,7,953,7516,6990,872,6880,5645,0.389481935136953,-636
420,0,0,3,964,7021,6140,1000,6385,3841,1.173038557359356,-636
239,0,0,6,1000,7193,6813,989,6559,5043,0.27858625450482,-634
663,0,0,9,1000,6714,5633,930,6081,4119,0.660159361052616,-633
242,0,0,9,1000,7193,6813,991,6562,4799,0.27171550440275,-631
690,0,0,1,1000,7772,7195,930,7145,6276,0.193872745319834,-627
66,0,0,7,1000,6910,5738,944,6292,4366,0.340539592800157,-618
573,0,0,7,989,7443,6699,1000,6825,5706,1.20320767969555,-618
632,0,0,8,980,7192,6613,982,6575,4953,0.216617110157683,-617
533,0,0,1,985,7096,5560,948,6486,4384,0.928608745843709,-610
289,0,0,5,954,7265,6619,966,6656,5449,0.511763704066011,-609
279,0,0,4,980,7151,6105,951,6546,4801,0.803435671102387,-605
67,0,0,8,1000,6910,5738,992,6316,4111,0.537477961453169,-594
65,0,0,6,1000,6910,5738,914,6322,3787,0.21088399544196,-588
39,0,0,4,979,7153,6181,966,6569,4627,0.426486002605463,-584
46,0,0,3,986,7487,6554,958,6912,6281,0.50026353233577,-575
124,0,0,7,1000,6913,5682,992,6338,4721,0.295246384906659,-575
201,0,0,2,917,7155,6277,977,6584,4990,0.514280511661046,-571
286,0,0,2,954,7265,6619,902,6695,5014,0.553188846323109,-570
589,0,0,5,936,7261,6686,1000,6691,5498,0.267150914113019,-570
669,0,0,0,941,6869,6162,1000,6303,4652,0.435080706109342,-566
461,0,0,6,990,7448,9519,899,6883,5733,0.771457377665415,-565
495,0,0,5,996,6710,5627,918,6149,3892,0.476856586854116,-561
366,0,0,0,909,6619,5271,991,6068,3772,0.262111200719581,-551
464,0,0,9,990,7448,9519,934,6898,6023,0.208011213930843,-550
293,0,0,9,954,7265,6619,992,6728,5994,0.216159046687908,-537
310,0,0,6,961,7018,6108,953,6481,4961,0.212681551307717,-537
182,0,0,8,940,6478,4934,901,5947,2953,0.466412779612617,-531
424,0,0,9,964,7021,6140,932,6490,5323,0.421468001310826,-531
276,0,0,1,980,7151,6105,957,6621,5331,0.640598676834882,-530
493,0,0,3,996,6710,5627,925,6183,4806,0.349542528086337,-527
477,0,0,3,941,6559,4923,959,6036,3063,0.159961475128191,-523
372,0,0,8,909,6619,5271,977,6099,3734,0.210952265485558,-520
93,0,0,1,953,7291,7154,932,6779,5270,0.445747721324961,-512
659,0,0,2,1000,6714,5633,996,6207,4254,0.176681038859908,-507
694,0,0,7,1000,7772,7195,964,7268,6149,0.168941488886493,-504
126,0,0,9,1000,6913,5682,968,6412,4740,0.617783910707287,-501
117,0,0,0,1000,6913,5682,966,6416,4826,0.620154877157175,-497
205,0,0,8,917,7155,6277,905,6661,5199,0.652327527317964,-494
60,0,0,0,1000,6910,5738,982,6433,4095,0.629070591851495,-477
656,0,0,8,1000,6891,5971,979,6414,4866,0.251813198060605,-477
662,0,0,8,1000,6714,5633,1000,6239,4293,0.441478081137671,-475
312,0,0,8,961,7018,6108,967,6545,5131,0.209484630840109,-473
580,0,0,8,979,7164,5775,929,6702,4777,0.191638889287594,-462
527,0,0,4,872,6432,4626,985,5972,3081,0.284327036041933,-460
74,0,0,7,977,6300,4517,1000,5855,2632,0.117720568004477,-445
78,0,0,2,995,6957,5810,960,6512,4852,0.56344263098773,-445
537,0,0,5,985,7096,5560,974,6667,4803,0.459186506676556,-429
163,0,0,1,868,7478,7023,911,7050,5996,0.526781061136754,-428
336,0,0,2,964,8006,8229,916,7579,7438,0.431422506482665,-427
635,0,0,3,966,6978,5872,977,6552,4689,0.490219421972322,-426
432,0,0,1,967,7185,7420,992,6760,5728,0.24907169040298,-425
713,0,0,2,1000,6838,6080,992,6414,4745,0.357989441417043,-424
42,0,0,7,979,7153,6181,937,6733,5475,0.263274824825374,-420
434,0,0,6,967,7185,7420,951,6765,7576,0.307689031479613,-420
241,0,0,8,1000,7193,6813,902,6775,5748,0.287309409734153,-418
636,0,0,5,966,6978,5872,944,6565,4970,0.181506680370191,-413
657,0,0,9,1000,6891,5971,999,6479,4779,0.259673753066973,-412
642,0,0,7,1000,7070,5935,962,6659,5229,0.341026085777646,-411
497,0,0,8,996,6710,5627,937,6305,4519,0.557982491001729,-405
280,0,0,6,980,7151,6105,891,6747,5192,0.399743267452419,-404
277,0,0,2,980,7151,6105,989,6749,5490,0.448757503485629,-402
601,0,0,1,1000,7342,6525,912,6941,5489,0.298474500391301,-401
244,0,0,6,956,6498,5877,958,6099,3793,0.752689630918181,-399
36,0,0,9,913,7089,5804,1000,6692,4971,0.740502464387684,-397
617,0,0,5,984,7441,6880,932,7054,6752,0.421100459673672,-387
146,0,0,2,942,6733,5222,978,6351,4033,0.848224106972813,-382
150,0,0,7,942,6733,5222,970,6353,4421,0.447097960367859,-380
206,0,0,9,917,7155,6277,944,6775,5469,0.461081282045184,-380
644,0,0,9,1000,7070,5935,926,6691,5179,0.152957633524178,-379
633,0,0,9,980,7192,6613,934,6819,6129,0.244553492972205,-373
202,0,0,5,917,7155,6277,975,6784,5214,0.249376578463543,-371
4,0,0,4,953,7516,6990,976,7146,6654,0.408151853184878,-370
437,0,0,9,967,7185,7420,914,6817,6626,0.495227777426537,-368
603,0,0,3,1000,7342,6525,963,6974,6066,0.309721653938595,-368
658,0,0,0,1000,6714,5633,960,6367,4674,0.111888269031443,-347
516,0,0,2,956,6934,5827,928,6590,5126,0.549935973577504,-344
313,0,0,9,961,7018,6108,945,6677,5605,0.086146521308318,-341
179,0,0,5,940,6478,4934,1000,6142,3836,0.663241861112663,-336
563,0,0,2,946,6723,5178,990,6396,4301,0.21106688275295,-327
43,0,0,8,979,7153,6181,938,6830,5969,0.647360594639115,-323
118,0,0,1,1000,6913,5682,1000,6590,5094,0.355970841678079,-323
371,0,0,7,909,6619,5271,978,6297,7497,0.550342452108682,-322
2,0,0,2,953,7516,6990,994,7196,7212,0.471162931618037,-320
49,0,0,6,986,7487,6554,971,7173,5039,0.869318825083145,-314
349,0,0,1,930,6498,4896,943,6190,3653,0.331886658500658,-308
480,0,0,7,941,6559,4923,956,6256,3648,0.638705009172916,-303
68,0,0,9,1000,6910,5738,978,6608,5186,0.520722489415107,-302
689,0,0,0,1000,7772,7195,1000,7470,6638,0.394598915989388,-302
178,0,0,3,940,6478,4934,957,6181,4019,0.135920364582344,-297
148,0,0,5,942,6733,5222,968,6438,4466,0.488833892862506,-295
240,0,0,7,1000,7193,6813,959,6900,6016,0.525990364287993,-293
125,0,0,8,1000,6913,5682,958,6628,5261,0.527909353408797,-285
356,0,0,4,1000,6724,5584,997,6439,4790,0.512812180925979,-285
5,0,0,5,953,7516,6990,960,7240,6574,0.378745676273053,-276
584,0,0,5,951,6698,5503,956,6427,6708,0.224422170404459,-271
481,0,0,8,941,6559,4923,1000,6291,3910,0.555233856983937,-268
180,0,0,6,940,6478,4934,981,6211,4030,0.675798461121533,-267
717,0,0,8,1000,6838,6080,931,6572,5042,0.206143300564656,-266
9,0,0,9,953,7516,6990,907,7251,7012,0.339225903234992,-265
605,0,0,7,1000,7342,6525,954,7077,5595,0.767805818726803,-265
474,0,0,0,941,6559,4923,923,6295,3975,0.580280441137584,-264
282,0,0,8,980,7151,6105,963,6897,5416,0.440682456328251,-254
85,0,0,2,1000,6752,5613,989,6502,4500,0.230486484995153,-250
214,0,0,2,978,6601,4807,896,6351,4036,0.379253081917465,-250
671,0,0,5,941,6869,6162,954,6627,5286,0.281950083799163,-242
618,0,0,7,984,7441,6880,985,7203,6368,0.307489758528742,-238
534,0,0,2,985,7096,5560,995,6859,5297,0.622476697208692,-237
192,0,0,2,1000,6521,5495,1000,6285,4254,0.444474412227521,-236
383,0,0,2,979,6508,4746,1000,6277,4313,0.719547938592755,-231
576,0,0,1,979,7164,5775,940,6933,5282,0.275289655123098,-231
88,0,0,6,1000,6752,5613,928,6524,4705,0.521468773720338,-228
631,0,0,7,980,7192,6613,940,6968,6004,0.42196329374727,-224
443,0,0,5,946,7604,8211,1000,7388,7032,0.36144939750352,-216
427,0,0,2,986,6553,5530,937,6338,4576,0.168949616644823,-215
581,0,0,9,979,7164,5775,951,6950,5811,0.175801889873925,-214
637,0,0,7,966,6978,5872,969,6765,5040,0.134850110370705,-213
718,0,0,9,1000,6838,6080,956,6630,5519,0.523095715455196,-208
138,0,0,3,1000,6805,5350,952,6599,5002,0.543784605754758,-206
607,0,0,9,1000,7342,6525,946,7143,6176,0.525553986300555,-199
34,0,0,7,913,7089,5804,971,6893,5817,0.685337879244287,-196
578,0,0,5,979,7164,5775,930,6968,5458,0.163775377627623,-196
191,0,0,1,1000,6521,5495,968,6329,4142,0.214085747199617,-192
331,0,0,4,978,6612,5068,945,6422,4503,0.270841671226299,-190
654,0,0,5,1000,6891,5971,902,6703,5260,0.103351824738097,-188
492,0,0,2,996,6710,5627,923,6525,6246,0.406669881668377,-185
639,0,0,9,966,6978,5872,930,6795,5546,0.395065669239426,-183
476,0,0,2,941,6559,4923,956,6381,4250,0.167629435173638,-178
165,0,0,5,868,7478,7023,977,7301,6608,0.168325134896229,-177
567,0,0,8,946,6723,5178,952,6546,4643,0.129207852305031,-177
490,0,0,9,951,6375,4635,997,6201,4152,0.164838679711878,-174
565,0,0,5,946,6723,5178,1000,6551,5178,0.118659173048656,-172
543,0,0,2,916,6035,3924,984,5864,2960,0.257809893185331,-171
430,0,0,8,986,6553,5530,959,6384,4771,0.24001558691317,-169
321,0,0,9,974,6629,5346,988,6461,4710,0.211359655902126,-168
431,0,0,9,986,6553,5530,1000,6385,4934,0.398066508262154,-168
540,0,0,9,985,7096,5560,976,6937,5256,0.41018879549441,-159
421,0,0,6,964,7021,6140,970,6870,5693,0.329245211304563,-151
137,0,0,2,1000,6805,5350,956,6658,4873,0.816615669069337,-147
571,0,0,4,989,7443,6699,972,7300,6495,0.539161269834584,-143
246,0,0,8,956,6498,5877,979,6357,5204,0.681704632812332,-141
561,0,0,8,989,9515,17446,975,9375,16315,1.030459133063654,-140
94,0,0,4,953,7291,7154,929,7154,6077,0.509574927642712,-137
291,0,0,7,954,7265,6619,939,7128,10246,0.363510187406731,-137
129,0,0,2,956,6539,4883,966,6403,4376,0.40012384212115,-136
660,0,0,5,1000,6714,5633,997,6578,5366,0.23602750257549,-136
184,0,0,3,1000,6437,4657,952,6305,4389,0.302963301970022,-132
183,0,0,9,940,6478,4934,960,6347,4459,0.584692482894134,-131
40,0,0,5,979,7153,6181,982,7023,6180,0.253225624949416,-130
498,0,0,9,996,6710,5627,951,6580,5222,0.207456591323514,-130
486,0,0,4,951,6375,4635,974,6246,4238,0.18714792496847,-129
471,0,0,7,907,6566,5248,960,6438,4991,0.361831203784574,-128
712,0,0,1,1000,6838,6080,863,6711,5356,0.203030478962692,-127
255,0,0,7,938,6388,4716,929,6263,4313,0.2095393682225,-125
478,0,0,4,941,6559,4923,918,6434,4718,0.168128500934282,-125
542,0,0,1,916,6035,3924,920,5914,3352,0.233403980356455,-121
361,0,0,4,891,6125,4170,904,6010,3518,0.433086511686697,-115
195,0,0,5,1000,6521,5495,1000,6407,4650,0.117449470518176,-114
350,0,0,4,930,6498,4896,973,6385,4238,0.392036774014729,-113
455,0,0,6,979,6332,4227,920,6219,4075,0.639347041738207,-113
708,0,0,7,934,6214,3978,957,6104,3690,0.312743733511411,-110
539,0,0,8,985,7096,5560,962,6987,5501,0.69054670116956,-109
143,0,0,9,1000,6805,5350,984,6698,5331,0.200658818628956,-107
678,0,0,8,994,6670,5146,1000,6564,5012,0.179103880061797,-106
706,0,0,3,934,6214,3978,1000,6109,4843,0.648538971363057,-105
89,0,0,7,1000,6752,5613,963,6648,4794,0.529560340228944,-104
156,0,0,3,992,6496,4442,937,6394,4472,0.237792693541808,-102
525,0,0,2,872,6432,4626,923,6332,4076,0.780461934640335,-100
134,0,0,8,956,6539,4883,992,6446,4776,0.252186449446189,-93
579,0,0,7,979,7164,5775,930,7071,6403,0.253969315265028,-93
368,0,0,2,909,6619,5271,915,6527,5585,0.172043936407598,-92
624,0,0,5,1000,6426,4826,973,6334,4490,0.657678676600724,-92
302,0,0,3,950,6094,4189,1000,6011,3463,0.568636145726395,-83
161,0,0,9,992,6496,4442,956,6414,4626,0.164498402448916,-82
426,0,0,1,986,6553,5530,1000,6471,5301,0.316980099249751,-82
470,0,0,6,907,6566,5248,966,6487,4918,0.618959385717662,-79
292,0,0,8,954,7265,6619,961,7187,7358,0.652641705103999,-78
479,0,0,5,941,6559,4923,936,6483,4688,0.43469856949424,-76
422,0,0,7,964,7021,6140,948,6947,6454,0.308899530480295,-74
320,0,0,8,974,6629,5346,940,6558,4776,0.415608339280885,-71
640,0,0,3,1000,7070,5935,983,7000,8647,0.223926810200736,-70
132,0,0,6,956,6539,4883,932,6470,4767,0.099569194311221,-69
681,0,0,5,1000,6294,5334,971,6225,3854,0.359139209088278,-69
586,0,0,8,951,6698,5503,982,6630,5403,0.218091026243727,-68
151,0,0,8,942,6733,5222,892,6666,5795,0.492037159525781,-67
688,0,0,9,980,6457,4983,964,6393,4441,0.7898375310388,-64
215,0,0,5,978,6601,4807,1000,6541,4932,0.808897350320199,-60
243,0,0,5,956,6498,5877,987,6439,5754,0.517500554587894,-59
449,0,0,6,981,6402,4635,1000,6343,3987,0.704906225432533,-59
159,0,0,7,992,6496,4442,1000,6438,4487,0.417113017853821,-58
171,0,0,3,945,6191,3869,981,6140,3518,0.133683533964114,-51
212,0,0,8,945,6589,5279,927,6538,5649,0.729080474333311,-51
283,0,0,9,980,7151,6105,961,7101,5982,0.16323819077437,-50
410,0,0,6,968,6233,4325,965,6183,3835,0.535020416952981,-50
583,0,0,4,951,6698,5503,971,6648,6228,0.260607077629242,-50
128,0,0,1,956,6539,4883,930,6501,4665,0.727865951501666,-38
701,0,0,7,983,6362,4550,937,6327,4578,0.765874336450186,-35
722,0,0,4,1000,6875,5663,904,6840,4857,0.208591334820532,-35
176,0,0,9,945,6191,3869,984,6157,3786,0.468303114537716,-34
395,0,0,4,999,6771,5430,941,6743,6847,0.135290387861424,-28
189,0,0,9,1000,6437,4657,962,6412,4808,0.226064708885119,-25
564,0,0,4,946,6723,5178,970,6698,9945,0.647920842069489,-25
157,0,0,5,992,6496,4442,968,6476,4919,0.45461491809213,-20
684,0,0,9,1000,6294,5334,946,6275,4411,0.178814038320129,-19
61,0,0,1,1000,6910,5738,1000,6892,5103,0.634428386916128,-18
217,0,0,7,978,6601,4807,936,6583,4965,0.758001788038874,-18
547,0,0,8,916,6035,3924,905,6019,3424,0.393604312396663,-16
433,0,0,2,967,7185,7420,955,7171,6445,0.205067307917724,-14
333,0,0,7,978,6612,5068,956,6599,4970,0.32985894351058,-13
653,0,0,2,1000,6891,5971,968,6879,5660,1.079191910558844,-12
177,0,0,0,940,6478,4934,1000,6469,4978,0.32695094004856,-9
181,0,0,7,940,6478,4934,950,6470,4953,0.294709132040528,-8
169,0,0,9,868,7478,7023,1000,7471,7276,0.532494841693322,-7
355,0,0,0,1000,6724,5584,967,6717,5370,0.494983850581836,-7
208,0,0,2,945,6589,5279,987,6591,5462,0.292737781652305,2
71,0,0,4,977,6300,4517,972,6304,4885,0.599969686234163,4
207,0,0,0,945,6589,5279,1000,6593,5299,0.307172324743753,4
450,0,0,7,981,6402,4635,941,6411,4671,0.345846889582654,9
220,0,0,0,975,48572,1285980,980,48584,1280161,0.248161275573535,12
299,0,0,8,998,7474,16971,1000,7486,10881,0.137912933772407,12
318,0,0,6,974,6629,5346,997,6642,5558,0.549214674295605,13
133,0,0,7,956,6539,4883,982,6553,4864,0.503129449544305,14
367,0,0,1,909,6619,5271,946,6634,5437,0.128718053239468,15
558,0,0,4,989,9515,17446,961,9530,20333,0.453519099922101,15
454,0,0,1,979,6332,4227,957,6349,4347,0.631739317390792,17
96,0,0,6,953,7291,7154,983,7309,6350,0.615462691398905,18
141,0,0,7,1000,6805,5350,941,6825,5158,0.563971743308983,20
526,0,0,3,872,6432,4626,988,6454,4403,0.66290382785693,22
483,0,0,1,951,6375,4635,912,6402,4699,0.114261581331179,27
168,0,0,8,868,7478,7023,950,7507,7111,0.420763156671047,29
199,0,0,9,1000,6521,5495,979,6554,5257,0.101905822622758,33
668,0,0,9,906,6268,5441,924,6303,4876,0.701298424354495,35
17,0,0,8,966,6292,4358,1000,6330,4333,0.514894646495136,38
638,0,0,8,966,6978,5872,1000,7017,5719,0.229900517703749,39
219,0,0,9,978,6601,4807,980,6643,4819,0.113360135602824,42
18,0,0,9,966,6292,4358,945,6336,4239,0.137293546630045,44
661,0,0,7,1000,6714,5633,946,6759,5449,0.648813928021018,45
245,0,0,7,956,6498,5877,970,6544,4908,1.057419959505556,46
566,0,0,7,946,6723,5178,955,6770,5118,0.30001144754943,47
593,0,0,0,975,6340,3856,928,6387,4538,0.822256215936112,47
620,0,0,9,984,7441,6880,950,7488,7072,0.431183229488571,47
630,0,0,5,980,7192,6613,950,7240,7390,0.404815416938252,48
707,0,0,4,934,6214,3978,965,6262,4582,0.608291086036275,48
113,0,0,6,928,6650,7103,966,6706,11072,0.793005410910996,56
484,0,0,2,951,6375,4635,944,6431,4693,0.182479872980015,56
344,0,0,4,962,6415,4839,949,6478,5784,0.47692606537995,63
364,0,0,8,891,6125,4170,1000,6191,5475,0.574642494564846,66
27,0,0,0,913,7089,5804,1000,7157,9719,0.716948746654843,68
541,0,0,0,916,6035,3924,955,6103,4155,0.353451482898151,68
548,0,0,9,916,6035,3924,1000,6105,3938,0.142277703495362,70
11,0,0,2,966,6292,4358,1000,6363,4305,0.461821244311617,71
75,0,0,8,977,6300,4517,976,6371,5738,0.11853961143457,71
175,0,0,8,945,6191,3869,950,6262,4073,0.11082912362125,71
152,0,0,9,942,6733,5222,914,6805,5641,0.275591287466894,72
354,0,0,9,930,6498,4896,950,6571,4529,0.663012171019816,73
626,0,0,8,1000,6426,4826,941,6505,4915,0.856334405735332,79
489,0,0,8,951,6375,4635,994,6455,4664,0.764251856098309,80
210,0,0,6,945,6589,5279,1000,6673,5540,0.224150793448377,84
622,0,0,1,1000,6426,4826,963,6511,5399,0.344127238490744,85
652,0,0,1,1000,6891,5971,987,6976,5788,1.124772935677333,85
232,0,0,5,920,6497,4847,969,6586,4890,0.271352269163029,89
596,0,0,3,975,6340,3856,945,6430,4656,0.646634029420418,90
391,0,0,0,999,6771,5430,971,6864,5636,0.100289745729538,93
514,0,0,0,956,6934,5827,949,7027,6324,0.655856567185164,93
69,0,0,1,977,6300,4517,974,6404,4773,0.141969067218075,104
627,0,0,9,1000,6426,4826,958,6532,5445,0.574104969491025,106
174,0,0,7,945,6191,3869,1000,6303,5507,0.169100035111652,112
297,0,0,6,998,7474,16971,937,7593,8029,0.166265776532783,119
655,0,0,7,1000,6891,5971,961,7011,6388,0.267941317146537,120
699,0,0,3,983,6362,4550,928,6482,4478,0.557016476435356,120
185,0,0,5,1000,6437,4657,993,6559,5733,0.341653382806116,122
81,0,0,6,995,6957,5810,958,7080,5801,0.175109825134558,123
303,0,0,4,950,6094,4189,1000,6222,4228,0.461662490054379,128
451,0,0,8,981,6402,4635,1000,6530,5101,0.246487433692468,128
164,0,0,3,868,7478,7023,977,7607,7813,0.868800583999855,129
574,0,0,8,989,7443,6699,997,7573,7342,0.36790878352782,130
373,0,0,9,909,6619,5271,928,6750,6482,0.317240616089481,131
135,0,0,9,956,6539,4883,943,6675,5229,0.155641436831924,136
248,0,0,0,938,6388,4716,871,6524,4734,0.661613298571342,136
703,0,0,9,983,6362,4550,927,6499,4738,0.120613830333284,137
400,0,0,9,999,6771,5430,879,6909,5783,0.171922392571075,138
507,0,0,1,964,6546,4907,938,6687,4840,0.314157063512462,141
645,0,0,0,988,6287,4765,980,6428,4804,0.163071777129384,141
720,0,0,1,1000,6875,5663,1000,7019,5571,0.221203024674167,144
453,0,0,0,979,6332,4227,937,6481,5176,0.741171700422146,149
522,0,0,9,956,6934,5827,992,7083,6158,0.323629460473722,149
362,0,0,6,891,6125,4170,938,6283,4577,0.27830853899705,158
411,0,0,7,968,6233,4325,944,6394,4925,0.113075309557255,161
110,0,0,0,928,6650,7103,901,6814,5626,0.248808005713769,164
702,0,0,8,983,6362,4550,1000,6530,4647,0.152401813149486,168
465,0,0,0,986,6422,4965,982,6593,5359,0.717335965164813,171
13,0,0,4,966,6292,4358,1000,6465,5455,0.230894731538052,173
122,0,0,5,1000,6913,5682,913,7087,5886,0.608799692795456,174
322,0,0,1,932,6490,4948,932,6665,5202,0.154765700840912,175
568,0,0,9,946,6723,5178,945,6899,5496,0.500786452639729,176
59,0,0,9,1000,6479,4208,978,6657,6297,0.157969551402499,178
82,0,0,7,995,6957,5810,935,7136,6205,0.17440428576397,179
425,0,0,0,986,6553,5530,880,6734,13349,0.406626515923495,181
351,0,0,6,930,6498,4896,991,6680,4901,0.573020400071137,182
209,0,0,5,945,6589,5279,1000,6772,5707,0.258407873426078,183
327,0,0,8,932,6490,4948,949,6683,5347,0.317396523204573,193
87,0,0,5,1000,6752,5613,981,6947,5891,0.386750772198491,195
466,0,0,6,986,6422,4965,1000,6617,5344,0.415847893894579,195
413,0,0,9,968,6233,4325,920,6431,4533,0.42845953776702,198
544,0,0,4,916,6035,3924,986,6234,4347,0.307274636491338,199
305,0,0,7,950,6094,4189,966,6294,4138,1.17102202147931,200
523,0,0,0,872,6432,4626,893,6632,5475,0.17642740262565,200
616,0,0,3,984,7441,6880,977,7642,7223,0.238136666707573,201
412,0,0,8,968,6233,4325,989,6436,4733,0.318315527354062,203
530,0,0,8,872,6432,4626,939,6635,5241,0.97559020165261,203
116,0,0,9,928,6650,7103,932,6855,5770,0.854053658610819,205
131,0,0,5,956,6539,4883,982,6749,5177,0.638642887954596,210
423,0,0,8,964,7021,6140,962,7234,6883,0.128003467735765,213
330,0,0,2,978,6612,5068,877,6829,6014,0.647002831038866,217
685,0,0,5,980,6457,4983,919,6674,5138,0.291340954844408,217
518,0,0,4,956,6934,5827,926,7153,6284,0.287965124384283,219
700,0,0,4,983,6362,4550,925,6586,5152,0.113841752033503,224
311,0,0,7,961,7018,6108,933,7246,9325,0.14697233582826,228
619,0,0,8,984,7441,6880,929,7669,7524,0.229891133860232,228
257,0,0,9,938,6388,4716,944,6619,5257,0.438325595828838,231
472,0,0,8,907,6566,5248,973,6798,5420,0.284240060287546,232
674,0,0,9,941,6869,6162,927,7109,6166,0.488819517087441,240
666,0,0,7,906,6268,5441,1000,6510,5114,0.631830233918902,242
328,0,0,9,932,6490,4948,978,6734,5254,0.689862534575244,244
326,0,0,7,932,6490,4948,966,6740,8783,0.298346223936974,250
335,0,0,9,978,6612,5068,991,6863,5414,0.226517225140865,251
511,0,0,7,964,6546,4907,960,6800,5665,0.092362625240392,254
577,0,0,4,979,7164,5775,891,7423,6979,0.593590607730965,259
91,0,0,9,1000,6752,5613,960,7015,5826,0.08884319169687,263
346,0,0,7,962,6415,4839,964,6678,5605,0.323255153662892,263
324,0,0,4,932,6490,4948,996,6756,8377,0.183414356603071,266
90,0,0,8,1000,6752,5613,940,7021,5743,0.141040444847792,269
198,0,0,8,1000,6521,5495,977,6794,5105,0.194150182477312,273
676,0,0,5,994,6670,5146,930,6943,5755,0.178468866792444,273
385,0,0,4,979,6508,4746,971,6783,5442,0.164196326881493,275
469,0,0,9,986,6422,4965,888,6697,5529,0.275212609581916,275
721,0,0,3,1000,6875,5663,975,7150,12212,0.398486557203289,275
193,0,0,3,1000,6521,5495,944,6800,5932,0.494569030111301,279
585,0,0,7,951,6698,5503,937,6977,6099,0.337186651705889,279
149,0,0,6,942,6733,5222,930,7017,5999,0.289329708763984,284
360,0,0,9,1000,6724,5584,989,7008,6680,0.61772765201255,284
641,0,0,5,1000,7070,5935,1000,7358,17548,0.598025200242431,288
76,0,0,9,977,6300,4517,1000,6589,5133,0.135024635614448,289
725,0,0,9,1000,6875,5663,915,7171,12448,0.277134708162794,296
436,0,0,8,967,7185,7420,919,7483,12325,0.160662208809089,298
31,0,0,4,913,7089,5804,937,7388,13402,0.335780438875265,299
166,0,0,6,868,7478,7023,955,7777,7601,0.200383326586202,299
393,0,0,2,999,6771,5430,972,7074,6232,0.307246369245709,303
73,0,0,6,977,6300,4517,892,6604,5268,0.189136244085855,304
247,0,0,9,956,6498,5877,925,6805,5700,1.344045986028707,307
307,0,0,9,950,6094,4189,959,6402,4440,0.987990776098421,308
531,0,0,9,872,6432,4626,1000,6741,5659,0.759504473407788,309
47,0,0,4,986,7487,6554,985,7797,6990,0.21498322957236,310
485,0,0,3,951,6375,4635,951,6686,5990,0.343363731196975,311
621,0,0,0,1000,6426,4826,917,6738,5752,0.324368104173067,312
352,0,0,7,930,6498,4896,968,6815,5434,0.644889389177117,317
670,0,0,1,941,6869,6162,935,7188,6327,0.690858881888263,319
587,0,0,9,951,6698,5503,1000,7021,6158,0.497802005635816,323
487,0,0,5,951,6375,4635,925,6699,5438,0.55147042053945,324
136,0,0,1,1000,6805,5350,960,7131,6385,0.861368207250223,326
144,0,0,0,942,6733,5222,983,7064,5564,0.62916100745966,331
44,0,0,9,979,7153,6181,927,7488,7045,0.288544616377643,335
57,0,0,7,1000,6479,4208,926,6814,9276,1.064973512172918,335
235,0,0,8,920,6497,4847,909,6833,5641,0.738699428191242,336
347,0,0,8,962,6415,4839,961,6751,5504,0.482257261785371,336
520,0,0,7,956,6934,5827,958,7272,6383,0.513480891960887,338
334,0,0,8,978,6612,5068,972,6951,5677,0.392360309146056,339
458,0,0,9,979,6332,4227,878,6671,5220,0.233296893397773,339
249,0,0,1,938,6388,4716,934,6731,5285,0.625196177890167,343
281,0,0,7,980,7151,6105,958,7500,6905,0.338349653779726,349
319,0,0,7,974,6629,5346,937,6978,11377,0.537667702631556,349
649,0,0,7,988,6287,4765,965,6647,5135,0.252195018093486,360
409,0,0,3,968,6233,4325,1000,6594,5102,0.118259314360987,361
345,0,0,6,962,6415,4839,851,6780,5754,1.07015475491766,365
348,0,0,9,962,6415,4839,962,6783,5902,0.43892145414604,368
667,0,0,8,906,6268,5441,967,6637,5521,0.562106709630444,369
158,0,0,6,992,6496,4442,907,6870,4506,1.274079546080366,374
705,0,0,2,934,6214,3978,916,6592,5203,0.158680723348045,378
389,0,0,8,979,6508,4746,1000,6887,6200,0.450458474609782,379
524,0,0,1,872,6432,4626,956,6815,5488,0.351317535836684,383
300,0,0,9,998,7474,16971,957,7878,14336,0.382670692075008,404
317,0,0,4,974,6629,5346,993,7033,6329,0.863538067253733,404
15,0,0,6,966,6292,4358,1000,6699,5729,0.211387253550756,407
353,0,0,8,930,6498,4896,879,6916,6024,0.220079689965279,418
467,0,0,7,986,6422,4965,1000,6840,6012,0.445860859661889,418
343,0,0,1,962,6415,4839,956,6846,6237,0.287290186147885,431
323,0,0,2,932,6490,4948,1000,6928,10482,0.752528424050874,438
381,0,0,0,979,6508,4746,986,6949,6007,0.548757567471883,441
594,0,0,1,975,6340,3856,941,6781,5418,0.601467679102862,441
359,0,0,8,1000,6724,5584,942,7167,6518,0.581587070420271,443
623,0,0,3,1000,6426,4826,919,6872,5736,0.176940087473847,446
142,0,0,8,1000,6805,5350,1000,7252,6223,0.413996805694199,447
691,0,0,2,1000,7772,7195,890,8220,8402,0.173643096348677,448
710,0,0,9,934,6214,3978,978,6668,5619,0.292464667356402,454
390,0,0,9,979,6508,4746,924,6963,6053,0.250481488426209,455
488,0,0,7,951,6375,4635,924,6831,6216,0.479890045335428,456
711,0,0,0,1000,6838,6080,941,7299,6967,0.697280248185515,461
529,0,0,7,872,6432,4626,963,6898,5426,0.939625055153264,466
448,0,0,2,981,6402,4635,931,6880,5621,0.54705179421872,478
673,0,0,8,941,6869,6162,1000,7351,6905,0.356027040990332,482
216,0,0,6,978,6601,4807,951,7084,11511,0.675444901675755,483
228,0,0,1,920,6497,4847,966,6981,6237,0.321413172451419,484
308,0,0,3,961,7018,6108,898,7503,10311,0.309031663235288,485
598,0,0,7,975,6340,3856,960,6825,5397,0.513629391575345,485
680,0,0,0,1000,6294,5334,960,6781,5496,0.287220087353044,487
306,0,0,8,950,6094,4189,949,6590,5136,1.063404222894756,496
55,0,0,5,1000,6479,4208,960,6976,5741,0.292827084022497,497
342,0,0,0,962,6415,4839,975,6919,6054,0.632273876402123,504
139,0,0,5,1000,6805,5350,968,7320,6548,0.221733630515705,515
329,0,0,0,978,6612,5068,920,7134,6483,0.488578339905063,522
582,0,0,0,951,6698,5503,982,7221,6544,0.891236566379981,523
398,0,0,7,999,6771,5430,942,7296,6675,0.537959512451589,525
675,0,0,1,994,6670,5146,996,7212,12022,0.461418120046562,542
716,0,0,7,1000,6838,6080,916,7386,7129,0.675116704220066,548
77,0,0,0,995,6957,5810,960,7506,7573,0.535210832275674,549
170,0,0,1,945,6191,3869,1000,6744,5244,0.246706231238352,553
86,0,0,4,1000,6752,5613,882,7307,6282,0.175983453647865,555
647,0,0,2,988,6287,4765,984,6848,6167,0.258004986610937,561
650,0,0,8,988,6287,4765,947,6848,10750,0.465717690761147,561
316,0,0,2,974,6629,5346,927,7198,6459,0.176841199823078,569
456,0,0,7,979,6332,4227,939,6914,6014,0.195195325372415,582
672,0,0,7,941,6869,6162,949,7454,6958,0.688761762762675,585
298,0,0,7,998,7474,16971,996,8065,10328,0.296101772906586,591
16,0,0,7,966,6292,4358,939,6885,5726,0.529766033169383,593
595,0,0,2,975,6340,3856,1000,6935,5779,0.544562416258793,595
140,0,0,6,1000,6805,5350,928,7404,6612,0.264521289612327,599
513,0,0,9,964,6546,4907,954,7163,11226,0.179290380450295,617
468,0,0,8,986,6422,4965,864,7044,7139,0.289498914845807,622
70,0,0,2,977,6300,4517,973,6927,5868,0.247785822024618,627
111,0,0,4,928,6650,7103,949,7294,6228,1.374137147895753,644
417,0,0,7,1000,47067,1267929,988,47713,1280720,0.382832179857297,646
226,0,0,9,975,48572,1285980,958,49228,1299971,0.552294125696873,656
508,0,0,3,964,6546,4907,968,7205,6029,0.916349388914987,659
35,0,0,8,913,7089,5804,942,7751,9570,0.62881286167606,662
723,0,0,7,1000,6875,5663,931,7540,7024,0.163568675992388,665
665,0,0,5,906,6268,5441,964,6938,6812,0.435897891540529,670
545,0,0,5,916,6035,3924,900,6706,6142,0.594351602596756,671
365,0,0,9,891,6125,4170,991,6799,8247,0.27510413761875,674
173,0,0,6,945,6191,3869,996,6876,12679,0.923251410260244,685
506,0,0,0,964,6546,4907,1000,7239,6252,1.429480251168766,693
187,0,0,7,1000,6437,4657,921,7132,10240,0.251690652626083,695
388,0,0,7,979,6508,4746,935,7204,6225,0.36981328663337,696
234,0,0,7,920,6497,4847,975,7194,6361,0.669297295741082,697
546,0,0,7,916,6035,3924,964,6755,5650,0.406260891497149,720
679,0,0,9,994,6670,5146,914,7394,10438,0.222633462707195,724
188,0,0,8,1000,6437,4657,982,7163,13491,0.243588122858137,726
510,0,0,5,964,6546,4907,985,7275,6391,0.361711400712878,729
54,0,0,4,1000,6479,4208,933,7211,6300,0.289975934330117,732
396,0,0,5,999,6771,5430,954,7503,6894,0.774589057276314,732
186,0,0,6,1000,6437,4657,904,7182,6051,0.667039691769593,745
332,0,0,6,978,6612,5068,966,7358,6902,0.437300666468482,746
325,0,0,6,932,6490,4948,922,7285,8811,0.168672468275701,795
304,0,0,6,950,6094,4189,919,6904,6031,0.436179612902682,810
559,0,0,5,989,9515,17446,917,10334,23217,0.823495757084016,819
12,0,0,3,966,6292,4358,958,7114,6637,0.44970461113781,822
14,0,0,5,966,6292,4358,979,7118,7152,0.159483704667124,826
611,0,0,5,970,48885,1288525,919,49738,1323619,0.559556846689318,853
646,0,0,1,988,6287,4765,1000,7140,6589,0.357261153231633,853
58,0,0,8,1000,6479,4208,1000,7362,19412,0.211196620474855,883
172,0,0,5,945,6191,3869,988,7118,7424,0.503633630098659,927
697,0,0,1,983,6362,4550,968,7305,6566,0.350866989437815,943
357,0,0,6,1000,6724,5584,994,7695,7218,0.766874333859374,971
509,0,0,4,964,6546,4907,977,7521,6234,1.351145629670128,975
236,0,0,9,920,6497,4847,898,7483,7235,0.378757451673852,986
229,0,0,2,920,6497,4847,956,7534,6364,1.755544084299377,1037
648,0,0,5,988,6287,4765,993,7324,6685,0.238388611931343,1037
284,0,0,0,954,7265,6619,1000,8334,34006,0.23672654926235,1069
686,0,0,7,980,6457,4983,966,7563,6855,0.925420559830353,1106
115,0,0,8,928,6650,7103,1000,7759,7728,1.172664056178981,1109
83,0,0,8,995,6957,5810,948,8125,8115,0.293116195099323,1168
651,0,0,9,988,6287,4765,949,7498,7067,0.499857880661613,1211
72,0,0,5,977,6300,4517,1000,7576,14042,0.483062253557529,1276
677,0,0,7,994,6670,5146,915,8006,25411,0.453994588702734,1336
599,0,0,8,975,6340,3856,886,7758,7291,0.361650769326499,1418
597,0,0,5,975,6340,3856,953,7855,12980,0.715185965939488,1515
62,0,0,2,1000,6910,5738,965,8447,8642,1.615836070019345,1537
294,0,0,1,998,7474,16971,967,9148,17189,0.471402570319634,1674
369,0,0,3,909,6619,5271,899,8523,35339,0.800110879875559,1904
153,0,0,0,992,6496,4442,961,8502,25967,0.835915648013894,2006
45,0,0,0,986,7487,6554,971,9806,7624,1.566130853558259,2319
63,0,0,4,1000,6910,5738,934,9509,9130,2.751854907456892,2599
160,0,0,8,992,6496,4442,999,9368,98181,0.735963101969364,2872
295,0,0,3,998,7474,16971,941,10472,26383,0.727926809782926,2998
296,0,0,4,998,7474,16971,948,10726,59345,0.832413334002669,3252
625,0,0,7,1000,6426,4826,998,9803,47867,1.100243173437932,3377
265,0,0,9,990,99896,2869723,963,103462,2908502,0.595973259247577,3566
363,0,0,7,891,6125,4170,884,9854,91328,0.805751101029326,3729
101,0,0,1,957,9276,24741,965,13351,11643,3.699585790311909,4075
104,0,0,4,957,9276,24741,982,13466,9962,4.263397310805698,4190
536,0,0,4,985,7096,5560,992,11431,8088,3.044443777822357,4335
380,0,0,9,1000,47018,1267485,919,51403,1326893,0.215846441380181,4385
102,0,0,2,957,9276,24741,1000,13742,9188,4.651180231992209,4466
460,0,0,1,990,7448,9519,941,12043,10351,3.004504515961999,4595
535,0,0,3,985,7096,5560,979,12231,13342,3.257763325544256,5135
285,0,0,1,954,7265,6619,938,12868,10910,3.288673011825227,5603
30,0,0,3,913,7089,5804,998,12736,11821,2.918668974611055,5647
32,0,0,5,913,7089,5804,996,12793,13572,3.060726625253234,5704
278,0,0,3,980,7151,6105,948,12867,9773,3.635269851290647,5716
196,0,0,6,1000,6521,5495,898,12545,22998,3.821043287558759,6024
438,0,0,0,946,7604,8211,887,13807,12598,3.302255164270826,6203
704,0,0,0,934,6214,3978,922,12435,8347,3.58979341518008,6221
528,0,0,5,872,6432,4626,899,12656,10597,4.517276103398264,6224
459,0,0,0,990,7448,9519,958,13777,30369,3.125260625552458,6329
532,0,0,0,985,7096,5560,913,13524,8168,4.050142381501118,6428
442,0,0,4,946,7604,8211,992,14059,10346,4.025557194731223,6455
105,0,0,5,957,9276,24741,920,15782,20677,4.200256030996478,6506
194,0,0,4,1000,6521,5495,990,13054,15022,4.420752768311162,6533
275,0,0,0,980,7151,6105,916,13837,8976,4.356065184010592,6686
444,0,0,6,946,7604,8211,953,14303,34295,3.670393523746983,6699
231,0,0,4,920,6497,4847,987,13275,14355,3.939164307554879,6778
28,0,0,1,913,7089,5804,942,14003,15759,3.382350342603431,6914
715,0,0,4,1000,6838,6080,980,13930,23647,3.752082180727686,7092
394,0,0,3,999,6771,5430,986,13874,16341,4.246005754619573,7103
387,0,0,6,979,6508,4746,864,13659,8318,4.292855776209399,7151
230,0,0,3,920,6497,4847,978,13690,13040,4.453406762623443,7193
155,0,0,2,992,6496,4442,1000,13783,11540,5.048052577253097,7287
154,0,0,1,992,6496,4442,998,13855,8588,4.789167913872715,7359
392,0,0,1,999,6771,5430,1000,14202,9761,4.458303039764605,7431
719,0,0,0,1000,6875,5663,972,14364,10398,4.349222997772376,7489
190,0,0,0,1000,6521,5495,917,14111,12863,4.562728126658407,7590
569,0,0,0,989,7443,6699,976,15047,9653,4.475182209604238,7604
100,0,0,0,957,9276,24741,985,16908,71863,4.801530924458736,7632
227,0,0,0,920,6497,4847,960,14167,11039,4.787137355026264,7670
119,0,0,2,1000,6913,5682,916,14713,11901,4.808048371013127,7800
570,0,0,1,989,7443,6699,953,15357,10151,4.520824979021138,7914
251,0,0,3,938,6388,4716,996,14364,15781,4.137012778766494,7976
397,0,0,6,999,6771,5430,938,14766,9667,4.848626696181576,7995
386,0,0,5,979,6508,4746,923,14577,10641,4.280263540409822,8069
145,0,0,1,942,6733,5222,960,14903,22888,4.858032479282928,8170
634,0,0,0,966,6978,5872,894,15306,11047,4.877606611239395,8328
382,0,0,1,979,6508,4746,971,14899,34890,3.821872301947574,8391
515,0,0,1,956,6934,5827,984,15386,10278,4.26836014042699,8452
519,0,0,5,956,6934,5827,977,15559,13147,4.176277684551078,8625
517,0,0,3,956,6934,5827,929,15667,10836,4.597076549070754,8733
33,0,0,6,913,7089,5804,973,16166,38972,4.229581355512979,9077
384,0,0,3,979,6508,4746,976,17022,51137,4.745261418482102,10514
250,0,0,2,938,6388,4716,1000,19449,76076,4.899545575098648,13061
252,0,0,4,938,6388,4716,976,22025,121923,4.625128311832076,15637
254,0,0,6,938,6388,4716,994,22346,127948,5.010633788436198,15958
147,0,0,3,942,6733,5222,964,25009,16586,7.180009264995693,18276
106,0,0,6,957,9276,24741,1000,47984,1273008,0.282944515698414,38708
338,0,0,6,964,8006,8229,1000,47345,1268941,0.467910942648016,39339
463,0,0,8,990,7448,9519,1000,47488,1273602,0.238708077469607,40040
315,0,0,1,974,6629,5346,1000,46968,1264846,0.324656617807633,40339
664,0,0,2,906,6268,5441,996,46643,1271247,0.349787248130469,40375
92,0,0,0,953,7291,7154,970,47805,1287989,0.303228767549864,40514
213,0,0,9,945,6589,5279,1000,47315,1273564,0.211776038195506,40726
64,0,0,5,1000,6910,5738,980,47658,1285539,0.229221928020985,40748
724,0,0,8,1000,6875,5663,1000,47681,1272630,0.229957230806078,40806
80,0,0,5,995,6957,5810,989,47771,1273654,0.330355832766942,40814
123,0,0,6,1000,6913,5682,979,47928,1281767,0.135534206898371,41015
538,0,0,7,985,7096,5560,979,48190,1287094,0.449877360988707,41094
112,0,0,5,928,6650,7103,994,47754,1275723,1.267459299383946,41104
643,0,0,8,1000,7070,5935,963,48289,1292737,0.120942076921472,41219
238,0,0,5,1000,7193,6813,957,48474,1296157,0.398559495582579,41281
211,0,0,7,945,6589,5279,983,47878,1286575,0.183402476213597,41289
445,0,0,7,946,7604,8211,964,48965,1295850,0.309666525105447,41361
491,0,0,0,996,6710,5627,979,48104,1286530,0.179683963611251,41394
615,0,0,2,984,7441,6880,960,48868,1299138,0.389037059770965,41427
521,0,0,8,956,6934,5827,980,48510,1287062,0.541814751303406,41576
29,0,0,2,913,7089,5804,962,48695,1305257,0.929977306015173,41606
475,0,0,1,941,6559,4923,955,48575,1302745,0.19075566826381,42016
562,0,0,9,989,9515,17446,955,51693,1297384,0.342485366631879,42178
606,0,0,8,1000,7342,6525,949,49604,1302329,0.25750504836429,42262
287,0,0,3,954,7265,6619,934,49581,1313682,0.231806392659156,42316
512,0,0,8,964,6546,4907,962,48947,1296637,0.286298692355875,42401
429,0,0,7,986,6553,5530,934,49066,1312703,0.42391722973635,42513
53,0,0,3,1000,6479,4208,946,49704,1304948,0.656334795805364,43225
79,0,0,4,995,6957,5810,981,50254,1290238,1.794120123771405,43297
482,0,0,9,941,6559,4923,924,49923,1319994,0.585134140398117,43364
84,0,0,9,995,6957,5810,926,51005,1317470,0.292580722206504,44048
496,0,0,7,996,6710,5627,907,50969,1336734,0.221497359475003,44259
687,0,0,8,980,6457,4983,925,50790,1328601,0.539263168582683,44333
197,0,0,7,1000,6521,5495,927,51159,1319499,0.959304698625154,44638
698,0,0,2,983,6362,4550,907,51099,1334362,0.223999438281343,44737
709,0,0,8,934,6214,3978,893,51024,1342440,0.294851653484851,44810
114,0,0,7,928,6650,7103,895,52188,1344510,1.357221347513746,45538
452,0,0,9,981,6402,4635,894,51948,1358580,0.227652055189084,45546
56,0,0,6,1000,6479,4208,930,52749,1370172,0.676775089957765,46270
121,0,0,4,1000,6913,5682,975,55577,1283946,5.287751528731067,48664
714,0,0,3,1000,6838,6080,935,57517,1316483,4.304761742830642,50679
575,0,0,9,989,7443,6699,977,89788,1820749,0.496575740595007,82345
358,0,0,7,1000,6724,5584,958,90807,1840137,0.500143610748099,84083
103,0,0,3,957,9276,24741,1000,98954,2849696,0.866049951971714,89678
457,0,0,8,979,6332,4227,1000,96842,2854040,0.197900808731175,90510
203,0,0,6,917,7155,6277,989,98095,2867903,0.256817700410272,90940
399,0,0,8,999,6771,5430,993,97721,2859494,0.647369021702776,90950
408,0,0,1,968,6233,4325,986,97651,2869995,0.41577100748406,91418
120,0,0,3,1000,6913,5682,983,98430,2871999,0.972825637343592,91517
218,0,0,8,978,6601,4807,985,98557,2875726,0.240192578165824,91956
10,0,0,0,966,6292,4358,977,98874,2882795,0.401004965681353,92582
6,0,0,6,953,7516,6990,970,100361,2889500,0.497314559709545,92845
588,0,0,4,936,7261,6686,958,100974,2914713,0.25785568477079,93713
682,0,0,7,1000,6294,5334,956,100888,2917558,0.367701606385782,94594
253,0,0,5,938,6388,4716,952,101109,2923748,0.248874051553411,94721
130,0,0,3,956,6539,4883,952,101313,2917870,0.60839971686938,94774
683,0,0,8,1000,6294,5334,949,101589,2924944,0.326197826634748,95295
309,0,0,4,961,7018,6108,941,102522,2941380,0.455857528446776,95504
473,0,0,9,907,6566,5248,947,102286,2936940,0.494832429974505,95720
290,0,0,6,954,7265,6619,1000,103846,2868037,4.182593843156123,96581
314,0,0,0,974,6629,5346,935,103319,2947016,0.314951820176411,96690
301,0,0,0,950,6094,4189,932,102820,2949579,0.28820654441345,96726
447,0,0,9,946,7604,8211,916,105247,2976578,0.261463785420157,97643
256,0,0,8,938,6388,4716,925,104412,2962162,0.349010290063675,98024
600,0,0,9,975,6340,3856,908,106765,2991051,0.223154316409321,100425
127,0,0,0,956,6539,4883,880,109391,3036348,0.22113122247547,102852
52,0,0,9,986,7487,6554,967,141473,3173928,0.332131568129918,133986
233,0,0,6,920,6497,4847,929,155458,3258195,4.552438839628419,148961
428,0,0,6,986,6553,5530,965,193186,4099962,0.847731035612512,186633
