Logs,Boot ID,MAC Address,Base Sample,Phase 1,Phases,Bit Sample,Start Time,End Time,Id,Request ID,Success,Error
out/latrun-07-06-13-54-512/log,84a8abbb-889e-4754-92db-14a9b2b2644f,72:5A:2A:2F:C6:80,out/latrun-07-06-13-54-512/base_samples2,67,1,out/latrun-07-06-13-54-512/bit_samples2,2020-07-06 20:55:57,2020-07-06 20:56:08,2,89e71824-8751-4161-832c-8ebb485a956f,1,
out/latrun-07-06-13-54-512/log,a9ef1c61-4d38-43fc-99e2-f7c4a58c0b3b,B2:EA:48:F7:3F:6C,out/latrun-07-06-13-54-512/base_samples20,20,1,out/latrun-07-06-13-54-512/bit_samples20,2020-07-06 20:55:57,2020-07-06 20:56:08,20,f094bbee-f7ac-42f3-a196-b464eba3c254,1,
out/latrun-07-06-13-54-512/log,ab4781f1-6fb0-4323-a4e3-1191d97aa47b,2A:1B:43:80:B6:D8,out/latrun-07-06-13-54-512/base_samples18,19,1,out/latrun-07-06-13-54-512/bit_samples18,2020-07-06 20:55:57,2020-07-06 20:56:08,18,c3e8bd22-1552-482c-924f-91526828f9d2,1,
out/latrun-07-06-13-54-512/log,0631545c-6791-4b30-8b47-1ee1986364cf,EE:32:FE:52:B1:28,out/latrun-07-06-13-54-512/base_samples98,98,1,out/latrun-07-06-13-54-512/bit_samples98,2020-07-06 20:55:57,2020-07-06 20:56:08,98,ffbf9d65-ec4a-401b-aca4-0e5ba8cf817e,1,
out/latrun-07-06-13-54-512/log,e6936831-4c0e-4245-badd-e110d14f108f,1E:A3:C3:09:C4:5A,out/latrun-07-06-13-54-512/base_samples80,80,1,out/latrun-07-06-13-54-512/bit_samples80,2020-07-06 20:55:57,2020-07-06 20:56:08,80,90e373e0-ec29-4d2d-a302-e47e9968dea5,1,
out/latrun-07-06-13-54-512/log,e08d36a2-0a0a-44bd-8d30-201b2154bd32,3A:CE:D1:EB:E9:D4,out/latrun-07-06-13-54-512/base_samples68,68,1,out/latrun-07-06-13-54-512/bit_samples68,2020-07-06 20:55:57,2020-07-06 20:56:08,68,246f16a2-7f7e-4ad2-b307-3a13f80b6c7e,1,
out/latrun-07-06-13-54-512/log,2c035333-d0e9-449a-975a-96adc1d399be,FA:3C:D6:80:B1:59,out/latrun-07-06-13-54-512/base_samples16,20,1,out/latrun-07-06-13-54-512/bit_samples16,2020-07-06 20:55:57,2020-07-06 20:56:08,16,e9bc928a-a19a-4122-9393-6e8eb471752b,1,
out/latrun-07-06-13-54-512/log,6ac510c7-a433-4bd8-b1c8-deeb4f92b0dc,CE:97:32:7E:D2:2C,out/latrun-07-06-13-54-512/base_samples13,65,1,out/latrun-07-06-13-54-512/bit_samples13,2020-07-06 20:55:57,2020-07-06 20:56:08,13,790e38f0-65a8-4f4a-bcfb-53cf028ae804,1,
out/latrun-07-06-13-54-512/log,ab15f194-0524-43b7-bf55-43bb72a322e5,16:D6:73:BA:CB:EB,out/latrun-07-06-13-54-512/base_samples35,94,1,out/latrun-07-06-13-54-512/bit_samples35,2020-07-06 20:55:57,2020-07-06 20:56:08,35,f359dd9c-526a-4f7e-b897-e8db28d4b4e8,1,
out/latrun-07-06-13-54-512/log,5d7c0e83-44cd-4312-b64c-3c05ace09db3,6A:19:03:1F:0F:65,out/latrun-07-06-13-54-512/base_samples38,38,1,out/latrun-07-06-13-54-512/bit_samples38,2020-07-06 20:55:57,2020-07-06 20:56:08,38,23ea25f0-a1a4-47ce-98a1-7dd62c68c57a,1,
out/latrun-07-06-13-54-512/log,56e76be7-577a-458a-a8e8-9f28c36ece2a,CA:85:C2:0A:8C:AA,out/latrun-07-06-13-54-512/base_samples84,89,1,out/latrun-07-06-13-54-512/bit_samples84,2020-07-06 20:55:57,2020-07-06 20:56:08,84,5b9d71c5-6911-4ec0-afe0-a59b71110a0d,1,
out/latrun-07-06-13-54-512/log,01e870b2-c444-46c0-818c-4355837e9dcc,92:27:64:A2:EE:03,out/latrun-07-06-13-54-512/base_samples50,50,1,out/latrun-07-06-13-54-512/bit_samples50,2020-07-06 20:55:57,2020-07-06 20:56:08,50,c56bb4b3-3781-47ff-926b-c8a66b09bd1e,1,
out/latrun-07-06-13-54-512/log,4f00b9b0-c494-49cf-aff7-fe3daa56b745,D6:5A:BE:1E:9C:65,out/latrun-07-06-13-54-512/base_samples4,5,1,out/latrun-07-06-13-54-512/bit_samples4,2020-07-06 20:55:57,2020-07-06 20:56:08,4,a2c9952d-c2bb-4b8e-af67-c5fb0af8e4e1,1,
out/latrun-07-06-13-54-512/log,f11a34f0-6d72-4c8c-a72d-b4f6006fb587,0E:DD:55:0E:69:57,out/latrun-07-06-13-54-512/base_samples8,56,1,out/latrun-07-06-13-54-512/bit_samples8,2020-07-06 20:55:57,2020-07-06 20:56:08,8,ccf231d9-049c-47cb-9b75-fa71ba09e2cd,1,
out/latrun-07-06-13-54-512/log,21f8d1a7-071a-491d-b12e-c58fe40853f9,96:D9:33:86:79:37,out/latrun-07-06-13-54-512/base_samples92,92,1,out/latrun-07-06-13-54-512/bit_samples92,2020-07-06 20:55:57,2020-07-06 20:56:08,92,54cc6256-0328-4089-95ff-7064108477ac,1,
out/latrun-07-06-13-54-512/log,de331a29-763b-44a1-80a9-e619b8172a73,F2:1B:B0:FD:4E:79,out/latrun-07-06-13-54-512/base_samples40,40,1,out/latrun-07-06-13-54-512/bit_samples40,2020-07-06 20:55:57,2020-07-06 20:56:08,40,663fd283-1a87-4b9a-98ad-b82d75c0e8b2,1,
out/latrun-07-06-13-54-512/log,691d3491-31dc-483d-b366-762b4060b316,E6:E4:D9:5D:AB:B5,out/latrun-07-06-13-54-512/base_samples42,103,1,out/latrun-07-06-13-54-512/bit_samples42,2020-07-06 20:55:57,2020-07-06 20:56:08,42,ee1e7f4b-a85d-4b91-a033-2fe9a5e64779,1,
out/latrun-07-06-13-54-512/log,3a349b3d-13a7-40d2-9512-81cb662248df,EA:73:9C:54:2B:7D,out/latrun-07-06-13-54-512/base_samples96,96,1,out/latrun-07-06-13-54-512/bit_samples96,2020-07-06 20:55:57,2020-07-06 20:56:08,96,f99d9643-b76e-492b-8130-02c3169621ad,1,
out/latrun-07-06-13-54-512/log,209d2d6f-993a-4208-944c-0724c3ad23ac,B6:A9:F0:7A:29:8F,out/latrun-07-06-13-54-512/base_samples72,82,1,out/latrun-07-06-13-54-512/bit_samples72,2020-07-06 20:55:57,2020-07-06 20:56:08,72,3aac9262-a772-444e-9644-60d8f9e03ddd,1,
out/latrun-07-06-13-54-512/log,8d2034fa-5bcd-457f-bb6c-80acfb5130ca,4E:76:30:79:F9:3E,out/latrun-07-06-13-54-512/base_samples34,93,1,out/latrun-07-06-13-54-512/bit_samples34,2020-07-06 20:55:57,2020-07-06 20:56:08,34,c8e51796-2312-4a0c-9f05-63b4ec8d123d,1,
out/latrun-07-06-13-54-512/log,9a54bc7d-0662-4057-b2b6-391b01ccc98e,3A:4E:38:3C:E8:D3,out/latrun-07-06-13-54-512/base_samples100,119,1,out/latrun-07-06-13-54-512/bit_samples100,2020-07-06 20:55:57,2020-07-06 20:56:08,100,a46abb92-00e4-49b4-afa5-e318e5ba2088,1,
out/latrun-07-06-13-54-512/log,4b74c441-53e5-4544-86f0-edb1f231f346,1A:08:F1:37:31:B9,out/latrun-07-06-13-54-512/base_samples94,95,1,out/latrun-07-06-13-54-512/bit_samples94,2020-07-06 20:55:57,2020-07-06 20:56:08,94,7b77795f-fa27-4e0a-8c23-4876d3146231,1,
out/latrun-07-06-13-54-512/log,adfaaae9-addb-41f0-a52a-f51b9e477d6a,66:CE:89:24:54:D9,out/latrun-07-06-13-54-512/base_samples44,44,1,out/latrun-07-06-13-54-512/bit_samples44,2020-07-06 20:55:57,2020-07-06 20:56:08,44,afc30d99-757b-4fda-a051-d96eea5b00cd,1,
out/latrun-07-06-13-54-512/log,50331783-77d5-48fe-ab67-0acb42453fca,32:CA:23:58:82:D4,out/latrun-07-06-13-54-512/base_samples22,22,1,out/latrun-07-06-13-54-512/bit_samples22,2020-07-06 20:55:57,2020-07-06 20:56:08,22,32bb413d-dbc5-4def-bb78-afb69307d715,1,
out/latrun-07-06-13-54-512/log,26b63c8d-b77b-4ef2-96c5-0c38f8a3e85e,4A:67:D5:C0:9B:04,out/latrun-07-06-13-54-512/base_samples12,18,1,out/latrun-07-06-13-54-512/bit_samples12,2020-07-06 20:55:57,2020-07-06 20:56:08,12,35e32b4b-8209-4860-90b5-adc4ca5c009e,1,
out/latrun-07-06-13-54-512/log,64079c9b-42c4-4455-99f3-a8396fc5f720,DA:A8:6E:AF:7F:77,out/latrun-07-06-13-54-512/base_samples46,83,1,out/latrun-07-06-13-54-512/bit_samples46,2020-07-06 20:55:57,2020-07-06 20:56:08,46,b6ef6ec8-ce5d-4bb1-9d26-fc38d2a4db2f,1,
out/latrun-07-06-13-54-512/log,67119133-90af-468e-8fa4-e042db0e42e3,9A:54:FE:A2:10:26,out/latrun-07-06-13-54-512/base_samples48,54,1,out/latrun-07-06-13-54-512/bit_samples48,2020-07-06 20:55:57,2020-07-06 20:56:08,48,977e7017-9ab5-42d8-b602-f69fa1da6013,1,
out/latrun-07-06-13-54-512/log,b6deeaa3-e564-4a85-a794-e23677f818d6,12:53:AD:C6:B1:34,out/latrun-07-06-13-54-512/base_samples78,90,1,out/latrun-07-06-13-54-512/bit_samples78,2020-07-06 20:55:57,2020-07-06 20:56:08,78,dc6e7856-8fd4-4884-ba15-698e0695ea59,1,
out/latrun-07-06-13-54-512/log,04e2efd7-3000-4d72-bf63-6cd6b9a70ced,E6:BA:57:35:E2:9A,out/latrun-07-06-13-54-512/base_samples26,26,1,out/latrun-07-06-13-54-512/bit_samples26,2020-07-06 20:55:57,2020-07-06 20:56:08,26,da1b2deb-d82c-43b8-b13f-e0912e12f879,1,
out/latrun-07-06-13-54-512/log,2df97cda-dc79-4fed-888e-7896c53db14a,BE:00:95:C4:34:DD,out/latrun-07-06-13-54-512/base_samples49,49,1,out/latrun-07-06-13-54-512/bit_samples49,2020-07-06 20:55:57,2020-07-06 20:56:09,49,52b64cc9-4008-42f0-bd15-1786e11d50ce,1,
out/latrun-07-06-13-54-512/log,8bcce84c-732d-4f30-8f4c-709e989aecbd,72:0C:B8:AB:FA:7F,out/latrun-07-06-13-54-512/base_samples93,93,1,out/latrun-07-06-13-54-512/bit_samples93,2020-07-06 20:55:57,2020-07-06 20:56:09,93,d44844c6-79a8-454e-8aca-8047a2dc57bf,1,
out/latrun-07-06-13-54-512/log,6af3fcca-6aa1-473c-8355-ca3a928c56bb,3A:40:20:82:1E:FB,out/latrun-07-06-13-54-512/base_samples51,51,1,out/latrun-07-06-13-54-512/bit_samples51,2020-07-06 20:55:57,2020-07-06 20:56:09,51,5003bb55-502b-4fd1-a88f-b058ee846abf,1,
out/latrun-07-06-13-54-512/log,e095aab6-b624-4b23-85c3-cf6b88e5b5e4,02:BA:C9:1D:2F:DC,out/latrun-07-06-13-54-512/base_samples41,41,1,out/latrun-07-06-13-54-512/bit_samples41,2020-07-06 20:55:57,2020-07-06 20:56:09,41,513202b5-39dd-4334-86ed-d207691d1d64,1,
out/latrun-07-06-13-54-512/log,9087ce71-d065-473f-af9e-7f8ab5e254d0,06:1B:14:0E:F2:33,out/latrun-07-06-13-54-512/base_samples60,60,1,out/latrun-07-06-13-54-512/bit_samples60,2020-07-06 20:55:57,2020-07-06 20:56:08,60,8841b479-f7ed-4fb9-bc2a-bbe2b9bd4a38,1,
out/latrun-07-06-13-54-512/log,ac13ee73-c89c-44b2-adca-a72e48b0f4f4,66:B1:2E:95:A3:D3,out/latrun-07-06-13-54-512/base_samples88,90,1,out/latrun-07-06-13-54-512/bit_samples88,2020-07-06 20:55:57,2020-07-06 20:56:08,88,27ee5f8f-3eea-433f-b4be-6c019dad6ac5,1,
out/latrun-07-06-13-54-512/log,3df16a2d-0c91-4718-b4a1-1c17aebf047c,EE:2A:D1:DB:62:07,out/latrun-07-06-13-54-512/base_samples24,71,1,out/latrun-07-06-13-54-512/bit_samples24,2020-07-06 20:55:57,2020-07-06 20:56:08,24,1a579b79-051c-43c5-9007-56ca4691a8fc,1,
out/latrun-07-06-13-54-512/log,fb34ba71-0cb8-44c0-baf3-81c1c7d148b4,02:2E:DA:51:72:CE,out/latrun-07-06-13-54-512/base_samples82,82,1,out/latrun-07-06-13-54-512/bit_samples82,2020-07-06 20:55:57,2020-07-06 20:56:08,82,b494a57c-c61a-4373-8d0f-eb2bd63c584c,1,
out/latrun-07-06-13-54-512/log,4fc26383-9be6-4880-b406-bac49f5168be,6E:52:0E:93:0A:0B,out/latrun-07-06-13-54-512/base_samples69,69,1,out/latrun-07-06-13-54-512/bit_samples69,2020-07-06 20:55:57,2020-07-06 20:56:09,69,00c318c6-566b-461b-b17d-973ebcdf9852,1,
out/latrun-07-06-13-54-512/log,e471804a-e2be-47e2-8a8f-ca216283164d,56:56:11:FF:2E:C1,out/latrun-07-06-13-54-512/base_samples31,31,1,out/latrun-07-06-13-54-512/bit_samples31,2020-07-06 20:55:57,2020-07-06 20:56:09,31,94ea0a5f-3419-43f9-b14e-89d59c806db1,1,
out/latrun-07-06-13-54-512/log,fff47a01-b163-4a14-9a76-8ed3ec1f5c3b,2A:61:7F:19:6D:AD,out/latrun-07-06-13-54-512/base_samples27,27,1,out/latrun-07-06-13-54-512/bit_samples27,2020-07-06 20:55:57,2020-07-06 20:56:09,27,8364f82d-5351-4db4-a73f-a6a4683334d1,1,
out/latrun-07-06-13-54-512/log,6140b23b-9318-4514-875f-7e33b0c3c38b,36:DF:8D:03:E7:CB,out/latrun-07-06-13-54-512/base_samples61,64,1,out/latrun-07-06-13-54-512/bit_samples61,2020-07-06 20:55:57,2020-07-06 20:56:09,61,959278b0-85da-4e86-bc71-ac2e310465bf,1,
out/latrun-07-06-13-54-512/log,fd81f5ef-94b5-466e-80d2-f03b4d1365f7,C6:CC:FA:82:5F:B0,out/latrun-07-06-13-54-512/base_samples6,6,1,out/latrun-07-06-13-54-512/bit_samples6,2020-07-06 20:55:57,2020-07-06 20:56:08,6,a9c0b85f-1844-4324-9953-d10df643e14d,1,
out/latrun-07-06-13-54-512/log,5debc4e4-beb8-4f7b-9e7c-d3a72e8638be,26:6A:BB:AB:45:48,out/latrun-07-06-13-54-512/base_samples7,15,1,out/latrun-07-06-13-54-512/bit_samples7,2020-07-06 20:55:57,2020-07-06 20:56:09,7,b452dc54-ef69-4076-9be6-94307d2c811e,1,
out/latrun-07-06-13-54-512/log,185c173c-1918-472c-80cc-02eaa9ff202c,A6:B0:B0:A1:52:56,out/latrun-07-06-13-54-512/base_samples91,91,1,out/latrun-07-06-13-54-512/bit_samples91,2020-07-06 20:55:57,2020-07-06 20:56:09,91,0fc26340-6513-48af-b9af-232e1e50dd2e,1,
out/latrun-07-06-13-54-512/log,af52b2ef-6154-41da-bf1d-5d544b341fb8,12:1F:DA:9F:B6:C5,out/latrun-07-06-13-54-512/base_samples97,97,1,out/latrun-07-06-13-54-512/bit_samples97,2020-07-06 20:55:57,2020-07-06 20:56:09,97,d0313302-5b87-41e9-bc0b-c60d7e14b91b,1,
out/latrun-07-06-13-54-512/log,392fb1fc-ffd7-4298-8929-b40e6e546a27,2A:86:FC:85:1D:6C,out/latrun-07-06-13-54-512/base_samples77,122,1,out/latrun-07-06-13-54-512/bit_samples77,2020-07-06 20:55:57,2020-07-06 20:56:09,77,7eb06490-246e-453d-b537-5435132d9ee3,1,
out/latrun-07-06-13-54-512/log,144daf84-4944-474a-b7c2-3bedada63423,42:B3:6B:61:DB:88,out/latrun-07-06-13-54-512/base_samples63,63,1,out/latrun-07-06-13-54-512/bit_samples63,2020-07-06 20:55:57,2020-07-06 20:56:09,63,31aeb40d-46d3-4ad4-9ebf-f3870d516fca,1,
out/latrun-07-06-13-54-512/log,f8a09a68-e23e-44dc-b342-256a52d53e11,4E:56:3D:39:0F:AA,out/latrun-07-06-13-54-512/base_samples76,96,1,out/latrun-07-06-13-54-512/bit_samples76,2020-07-06 20:55:57,2020-07-06 20:56:08,76,63e3859c-3de4-4502-a885-82fba5cfdfe4,1,
out/latrun-07-06-13-54-512/log,9125d124-16d8-403d-b129-f9c461e9d0ba,FA:E7:CC:2D:F3:5C,out/latrun-07-06-13-54-512/base_samples86,86,1,out/latrun-07-06-13-54-512/bit_samples86,2020-07-06 20:55:57,2020-07-06 20:56:08,86,d4913e9c-732f-4781-97bb-b1266b15a03c,1,
out/latrun-07-06-13-54-512/log,b4fa6ae0-066a-4fb4-98f9-4caeceef617f,4A:9C:62:BA:4E:81,out/latrun-07-06-13-54-512/base_samples62,89,1,out/latrun-07-06-13-54-512/bit_samples62,2020-07-06 20:55:57,2020-07-06 20:56:08,62,f6650fd8-bad0-4b1b-958f-2e23b34c50d6,1,
out/latrun-07-06-13-54-512/log,6d9667bf-f56e-487d-9658-d882b7412121,12:A2:E5:37:E1:6C,out/latrun-07-06-13-54-512/base_samples11,42,1,out/latrun-07-06-13-54-512/bit_samples11,2020-07-06 20:55:57,2020-07-06 20:56:09,11,6a98b54e-be0f-4a1d-9f37-de1ff501499c,1,
out/latrun-07-06-13-54-512/log,2d62c8b3-73d2-49d4-9b64-e5aa66b8c899,FA:84:11:BC:29:2E,out/latrun-07-06-13-54-512/base_samples58,58,1,out/latrun-07-06-13-54-512/bit_samples58,2020-07-06 20:55:57,2020-07-06 20:56:08,58,02968061-9c50-47f1-b126-63675c4612f8,1,
out/latrun-07-06-13-54-512/log,15770143-1d7b-4506-b274-79b12087b09c,1A:76:79:39:17:36,out/latrun-07-06-13-54-512/base_samples73,73,1,out/latrun-07-06-13-54-512/bit_samples73,2020-07-06 20:55:57,2020-07-06 20:56:09,73,2ba72319-bbdd-4484-96a9-017cab7d08f8,1,
out/latrun-07-06-13-54-512/log,cd36f77a-4e9d-42b0-a713-c002c1dc21d3,CE:0C:B6:03:C1:6F,out/latrun-07-06-13-54-512/base_samples55,55,1,out/latrun-07-06-13-54-512/bit_samples55,2020-07-06 20:55:57,2020-07-06 20:56:09,55,734a535d-9ad3-4e2a-bdbb-d35ce1fdf178,1,
out/latrun-07-06-13-54-512/log,e0e52edf-7487-430c-bc07-9c11653ec10b,22:9E:7C:3E:C9:A7,out/latrun-07-06-13-54-512/base_samples66,66,1,out/latrun-07-06-13-54-512/bit_samples66,2020-07-06 20:55:57,2020-07-06 20:56:08,66,b2c845bb-7448-4a12-ac65-7d21a283645d,1,
out/latrun-07-06-13-54-512/log,982a750f-1ba1-4226-9399-2a3b2527453a,22:24:4E:A0:4E:F6,out/latrun-07-06-13-54-512/base_samples14,14,1,out/latrun-07-06-13-54-512/bit_samples14,2020-07-06 20:55:57,2020-07-06 20:56:08,14,6fe74abf-ff84-4ba6-94dc-c6e033b178a8,1,
out/latrun-07-06-13-54-512/log,c189725d-a938-4011-8d1a-4b4a2b5abb9e,56:3D:C6:C5:C9:5A,out/latrun-07-06-13-54-512/base_samples25,25,1,out/latrun-07-06-13-54-512/bit_samples25,2020-07-06 20:55:57,2020-07-06 20:56:09,25,279dec13-510c-4f7b-beee-bec43a67ae58,1,
out/latrun-07-06-13-54-512/log,a1e3b845-3c63-4cef-905f-1f52b34d11f0,4E:BC:E2:53:D5:35,out/latrun-07-06-13-54-512/base_samples1,18,1,out/latrun-07-06-13-54-512/bit_samples1,2020-07-06 20:55:57,2020-07-06 20:56:09,1,08f90fdc-7161-4f1e-849a-d950a56a337f,1,
out/latrun-07-06-13-54-512/log,de55867d-5b6a-4a07-960f-c04e3b7d6055,76:4B:2A:8A:82:36,out/latrun-07-06-13-54-512/base_samples67,67,1,out/latrun-07-06-13-54-512/bit_samples67,2020-07-06 20:55:57,2020-07-06 20:56:09,67,86bcaf08-d3fb-423a-9bc2-9a24c9c4ffc3,1,
out/latrun-07-06-13-54-512/log,9036d269-1cf6-4f3c-8d64-de984be9089d,12:E7:FC:8A:B2:53,out/latrun-07-06-13-54-512/base_samples5,87,1,out/latrun-07-06-13-54-512/bit_samples5,2020-07-06 20:55:57,2020-07-06 20:56:09,5,31aa7735-ac83-4d13-a5a5-1ed44ee1be98,1,
out/latrun-07-06-13-54-512/log,9cf3fea3-d15d-42fd-ac1a-9dcc7f001c69,E2:30:EB:39:DE:C0,out/latrun-07-06-13-54-512/base_samples87,94,1,out/latrun-07-06-13-54-512/bit_samples87,2020-07-06 20:55:57,2020-07-06 20:56:09,87,194a096b-8569-4f27-9a7f-da699acf5d19,1,
out/latrun-07-06-13-54-512/log,eee51640-196b-425d-a6b8-335054b98b41,A6:A2:1A:EB:0B:49,out/latrun-07-06-13-54-512/base_samples56,56,1,out/latrun-07-06-13-54-512/bit_samples56,2020-07-06 20:55:57,2020-07-06 20:56:08,56,b5004f5c-a6e2-48e4-ad28-7f9c6d3caf41,1,
out/latrun-07-06-13-54-512/log,7513ca2e-cf73-460a-854c-5d64a7d4234c,DA:50:ED:E6:14:43,out/latrun-07-06-13-54-512/base_samples29,72,1,out/latrun-07-06-13-54-512/bit_samples29,2020-07-06 20:55:57,2020-07-06 20:56:09,29,dc12a483-b4c5-4b8b-a0f7-35b0d6d42635,1,
out/latrun-07-06-13-54-512/log,36a54f0d-ba37-49bf-a8d1-0df51dfa9b95,72:59:C8:0D:62:8E,out/latrun-07-06-13-54-512/base_samples33,214,1,out/latrun-07-06-13-54-512/bit_samples33,2020-07-06 20:55:57,2020-07-06 20:56:09,33,a2287f6a-9ec8-42f8-8df2-dc173067d75d,1,
out/latrun-07-06-13-54-512/log,10ee86ce-3a7d-455e-95a7-7fb4363ade81,06:93:78:41:1A:98,out/latrun-07-06-13-54-512/base_samples32,32,1,out/latrun-07-06-13-54-512/bit_samples32,2020-07-06 20:55:57,2020-07-06 20:56:08,32,48beddba-d499-4b15-af09-eb192d9d20ad,1,
out/latrun-07-06-13-54-512/log,9639631e-3305-4f03-a376-c3f2e8906282,B2:AE:DB:A1:2A:D8,out/latrun-07-06-13-54-512/base_samples19,103,1,out/latrun-07-06-13-54-512/bit_samples19,2020-07-06 20:55:57,2020-07-06 20:56:09,19,b77af096-8551-4daf-a2c5-ffd160153339,1,
out/latrun-07-06-13-54-512/log,40d28e3d-7834-42f4-aa87-491b1b0407e2,5A:72:99:16:60:2C,out/latrun-07-06-13-54-512/base_samples90,95,1,out/latrun-07-06-13-54-512/bit_samples90,2020-07-06 20:55:57,2020-07-06 20:56:08,90,d536ef27-ddd0-4ea1-82b9-00e4b251bd73,1,
out/latrun-07-06-13-54-512/log,2e79ff79-cf15-42d2-b1f5-6097c54b470e,DE:AB:F4:38:E5:C8,out/latrun-07-06-13-54-512/base_samples95,95,1,out/latrun-07-06-13-54-512/bit_samples95,2020-07-06 20:55:57,2020-07-06 20:56:09,95,1da215e7-5b1e-4cbe-b2e7-44523d4730c1,1,
out/latrun-07-06-13-54-512/log,75b3a37a-a449-4cee-a8dd-2fd3198f648f,D6:72:39:EB:93:18,out/latrun-07-06-13-54-512/base_samples85,85,1,out/latrun-07-06-13-54-512/bit_samples85,2020-07-06 20:55:57,2020-07-06 20:56:09,85,8bbfd750-0d8a-454a-a10a-13fbbfdeda5e,1,
out/latrun-07-06-13-54-512/log,567395af-a1fe-4751-a05a-33009bd5502a,8A:8C:E1:98:7E:FA,out/latrun-07-06-13-54-512/base_samples36,45,1,out/latrun-07-06-13-54-512/bit_samples36,2020-07-06 20:55:57,2020-07-06 20:56:08,36,35812e00-cd1d-42c7-8fe8-ff0e17c9fac9,1,
out/latrun-07-06-13-54-512/log,9f8a38ae-776b-419a-9f6f-6b566bacda8f,FE:C7:C0:18:5A:59,out/latrun-07-06-13-54-512/base_samples3,3,1,out/latrun-07-06-13-54-512/bit_samples3,2020-07-06 20:55:57,2020-07-06 20:56:09,3,bfa97516-06ac-4241-b5f9-9fc76ea11be2,1,
out/latrun-07-06-13-54-512/log,b0776c8e-1119-4a50-974e-b723ff0e9772,DE:73:6E:3E:F9:BD,out/latrun-07-06-13-54-512/base_samples83,83,1,out/latrun-07-06-13-54-512/bit_samples83,2020-07-06 20:55:57,2020-07-06 20:56:09,83,86411a37-2659-4348-9ae8-d35c598c4786,1,
out/latrun-07-06-13-54-512/log,d5bd3d0f-5b08-48ca-ae74-d80c6df7110f,FA:E1:CF:2F:BD:BD,out/latrun-07-06-13-54-512/base_samples43,43,1,out/latrun-07-06-13-54-512/bit_samples43,2020-07-06 20:55:57,2020-07-06 20:56:09,43,5de780e2-6582-4e1b-9f90-40a895dfed2b,1,
out/latrun-07-06-13-54-512/log,0f9f86f7-b340-4f53-bd78-3fcc43603ccd,FA:16:2C:28:B5:EE,out/latrun-07-06-13-54-512/base_samples47,55,1,out/latrun-07-06-13-54-512/bit_samples47,2020-07-06 20:55:57,2020-07-06 20:56:09,47,2356607d-b720-4662-83fa-cf0197fa3976,1,
out/latrun-07-06-13-54-512/log,0a4b7bd4-0ac4-4f9c-83c3-bd367d0e6eb5,FA:CC:BB:FD:C4:A8,out/latrun-07-06-13-54-512/base_samples54,54,1,out/latrun-07-06-13-54-512/bit_samples54,2020-07-06 20:55:57,2020-07-06 20:56:08,54,4b1e4b2a-9193-4ef4-8628-8f3b6743b543,1,
out/latrun-07-06-13-54-512/log,3aaf21c0-1236-44bc-a36e-70f439616ff8,3E:93:79:AD:64:5D,out/latrun-07-06-13-54-512/base_samples99,99,1,out/latrun-07-06-13-54-512/bit_samples99,2020-07-06 20:55:57,2020-07-06 20:56:09,99,4c3e624c-8244-4e0b-b8c5-898e8f7c26e6,1,
out/latrun-07-06-13-54-512/log,1da37d01-62fd-4313-b068-c4ea1e1040c4,06:07:3B:1B:4F:2F,out/latrun-07-06-13-54-512/base_samples53,56,1,out/latrun-07-06-13-54-512/bit_samples53,2020-07-06 20:55:57,2020-07-06 20:56:09,53,7480d2eb-2e0f-47af-ba00-d23702e9198c,1,
out/latrun-07-06-13-54-512/log,5dffbb3e-9706-42bf-b5df-5d1e2f9c9cc2,12:33:BE:0B:29:50,out/latrun-07-06-13-54-512/base_samples57,72,1,out/latrun-07-06-13-54-512/bit_samples57,2020-07-06 20:55:57,2020-07-06 20:56:09,57,e978b9df-0181-45f2-8525-974856730521,1,
out/latrun-07-06-13-54-512/log,ca807cf0-782a-426f-bb00-d16eeb9cad13,B2:27:44:65:0A:AA,out/latrun-07-06-13-54-512/base_samples59,59,1,out/latrun-07-06-13-54-512/bit_samples59,2020-07-06 20:55:57,2020-07-06 20:56:09,59,48e57f3f-82a6-4496-bf38-17315c1844e1,1,
out/latrun-07-06-13-54-512/log,0897fd23-c8de-4699-a6a7-f8d17b0f34f6,DA:2A:73:43:BF:4D,out/latrun-07-06-13-54-512/base_samples74,74,1,out/latrun-07-06-13-54-512/bit_samples74,2020-07-06 20:55:57,2020-07-06 20:56:08,74,97238e7d-1b2c-4549-81cf-377afea68cb9,1,
out/latrun-07-06-13-54-512/log,a776c007-6254-4ace-b456-f23759619dbc,C2:8B:16:19:EB:67,out/latrun-07-06-13-54-512/base_samples71,71,1,out/latrun-07-06-13-54-512/bit_samples71,2020-07-06 20:55:57,2020-07-06 20:56:09,71,c88d8b00-cf86-4cbf-bcd6-942b888f3dc9,1,
out/latrun-07-06-13-54-512/log,256c8722-5281-4de5-a8b5-7a6ef22ab62a,3E:E7:61:4A:FA:69,out/latrun-07-06-13-54-512/base_samples23,23,1,out/latrun-07-06-13-54-512/bit_samples23,2020-07-06 20:55:57,2020-07-06 20:56:09,23,66eb8c8a-a398-4411-9440-499454a6b44c,1,
out/latrun-07-06-13-54-512/log,c485e5cb-3234-43f7-8f0e-0c959e46dae9,BE:93:93:C5:DE:11,out/latrun-07-06-13-54-512/base_samples17,82,1,out/latrun-07-06-13-54-512/bit_samples17,2020-07-06 20:55:57,2020-07-06 20:56:09,17,2f88fcab-68a0-4fc7-80bb-4cf44a277e29,1,
out/latrun-07-06-13-54-512/log,a3076d71-74c4-4e2d-bfd8-0ac38d1e0178,9E:21:2D:97:CD:1C,out/latrun-07-06-13-54-512/base_samples79,79,1,out/latrun-07-06-13-54-512/bit_samples79,2020-07-06 20:55:57,2020-07-06 20:56:09,79,8fc1161e-c356-4b0c-a074-c391ae9fa858,1,
out/latrun-07-06-13-54-512/log,ca87e73d-8dc6-4c4e-8d44-3ace7b5c7255,D6:35:E0:4D:54:17,out/latrun-07-06-13-54-512/base_samples37,96,1,out/latrun-07-06-13-54-512/bit_samples37,2020-07-06 20:55:57,2020-07-06 20:56:09,37,31c98be8-6102-4b21-83a5-01e381d3d200,1,
out/latrun-07-06-13-54-512/log,5feb653b-0b02-46bb-bb86-92c3bf078130,2E:B2:08:31:13:AC,out/latrun-07-06-13-54-512/base_samples10,10,1,out/latrun-07-06-13-54-512/bit_samples10,2020-07-06 20:55:57,2020-07-06 20:56:08,10,8816cfc2-0b64-4a5a-9b24-e197b7897642,1,
out/latrun-07-06-13-54-512/log,9d40abc8-da6e-43fe-83a6-f4706f401a84,9E:BD:1E:9C:67:C4,out/latrun-07-06-13-54-512/base_samples28,68,1,out/latrun-07-06-13-54-512/bit_samples28,2020-07-06 20:55:57,2020-07-06 20:56:08,28,9989591f-6dba-4966-a7a1-1ef5b32c1db4,1,
out/latrun-07-06-13-54-512/log,922430f7-4a45-4032-a943-0460eabe9c8b,EE:EF:E6:81:C5:39,out/latrun-07-06-13-54-512/base_samples52,52,1,out/latrun-07-06-13-54-512/bit_samples52,2020-07-06 20:55:57,2020-07-06 20:56:08,52,a67c8f4d-f580-41ff-90e6-e9c48a27674c,1,
out/latrun-07-06-13-54-512/log,841e4510-6afe-4a09-ba14-f009403c0d5f,9E:02:4E:B2:95:7A,out/latrun-07-06-13-54-512/base_samples45,45,1,out/latrun-07-06-13-54-512/bit_samples45,2020-07-06 20:55:57,2020-07-06 20:56:09,45,c98e8354-45d2-4141-b6bb-6304925851e3,1,
out/latrun-07-06-13-54-512/log,b6a8c0d0-42cb-4554-9fa9-28cf0d51e50f,E2:77:5A:83:46:51,out/latrun-07-06-13-54-512/base_samples89,89,1,out/latrun-07-06-13-54-512/bit_samples89,2020-07-06 20:55:57,2020-07-06 20:56:09,89,b0034775-cc84-455a-93c0-93d29218916c,1,
out/latrun-07-06-13-54-512/log,e8108501-1823-453b-8a5b-52656a722757,3E:57:F5:13:17:A5,out/latrun-07-06-13-54-512/base_samples30,30,1,out/latrun-07-06-13-54-512/bit_samples30,2020-07-06 20:55:57,2020-07-06 20:56:08,30,b1620518-a65b-4f08-bb6f-d7cd986dc51f,1,
out/latrun-07-06-13-54-512/log,960a817b-dc01-4910-8d43-5c20c80021da,FA:1B:D9:44:E6:EF,out/latrun-07-06-13-54-512/base_samples9,9,1,out/latrun-07-06-13-54-512/bit_samples9,2020-07-06 20:55:57,2020-07-06 20:56:09,9,49cfe68a-3224-4980-b3c8-aac7a5be9feb,1,
out/latrun-07-06-13-54-512/log,86aebd6e-45ba-4ea6-b854-bb9ed7a33616,36:9F:C2:0D:09:D9,out/latrun-07-06-13-54-512/base_samples15,15,1,out/latrun-07-06-13-54-512/bit_samples15,2020-07-06 20:55:57,2020-07-06 20:56:09,15,9e97cb68-5917-43d1-98b4-a330872051a4,1,
out/latrun-07-06-13-54-512/log,57f208a6-6969-4368-9427-95a9b47678f5,3A:C3:5D:35:BF:77,out/latrun-07-06-13-54-512/base_samples64,64,1,out/latrun-07-06-13-54-512/bit_samples64,2020-07-06 20:55:57,2020-07-06 20:56:08,64,5ccab15c-6ae2-4e75-a0d2-17b0122936ea,1,
out/latrun-07-06-13-54-512/log,e1d0a737-a390-4dd7-9371-4033098113ae,CA:42:0E:5A:1F:C5,out/latrun-07-06-13-54-512/base_samples39,39,1,out/latrun-07-06-13-54-512/bit_samples39,2020-07-06 20:55:57,2020-07-06 20:56:09,39,03459c6b-60b0-48cb-9b59-d7ff4f31238f,1,
out/latrun-07-06-13-54-512/log,ecd747eb-0aa1-4f87-b0bc-a79e15a6224d,06:3A:A2:BF:D1:DE,out/latrun-07-06-13-54-512/base_samples65,68,1,out/latrun-07-06-13-54-512/bit_samples65,2020-07-06 20:55:57,2020-07-06 20:56:09,65,c545f220-da6c-4786-a4fa-1123a7d0dc51,1,
out/latrun-07-06-13-54-512/log,dd7644e2-540c-4c7a-b786-c307b7ed481e,12:6B:6F:35:4E:2F,out/latrun-07-06-13-54-512/base_samples70,70,1,out/latrun-07-06-13-54-512/bit_samples70,2020-07-06 20:55:57,2020-07-06 20:56:08,70,7b505672-e5d0-42bc-9681-13df0fde4dcb,1,
out/latrun-07-06-13-54-512/log,4f941731-85c0-4315-b21d-2d583e708f1f,E6:77:1C:C5:45:38,out/latrun-07-06-13-54-512/base_samples21,57,1,out/latrun-07-06-13-54-512/bit_samples21,2020-07-06 20:55:57,2020-07-06 20:56:09,21,140ac4d2-5809-460d-a979-d4f90b9e7028,1,
out/latrun-07-06-13-54-512/log,b4043981-0134-491b-8bd2-04b235ce80cc,16:31:54:83:17:3C,out/latrun-07-06-13-54-512/base_samples75,95,1,out/latrun-07-06-13-54-512/bit_samples75,2020-07-06 20:55:57,2020-07-06 20:56:09,75,b9366065-3a63-4b38-99a1-e266b8532c64,1,
out/latrun-07-06-13-54-512/log,073eda5e-b86f-4372-a8d9-b583de208103,0A:96:D1:1C:62:6D,out/latrun-07-06-13-54-512/base_samples81,88,1,out/latrun-07-06-13-54-512/bit_samples81,2020-07-06 20:55:57,2020-07-06 20:56:09,81,f09badb6-ea92-4aad-89b7-952c69de738f,1,
