Logs,GUID,CPU CPI,Error,IP Address,Success,Id,Channel,MAC Address,Request ID,Start Time,Protocol Time,Phases,Phase 1,Phase 2,Phase 3,Predecessors,Bit-1 Sample,End Time,Boot ID,Base Sample,Bit-0 Sample,Warm Start,Tag,Bit-0 Pvalue,Bit-1 Pvalue
out/02-03-19-33/log,02-03-19-33-1,7.731561,,169.254.76.1,1,1,1,FA:F7:7F:EE:75:FF,bf9d985a-3114-40de-94d2-e3cb3e809cb2,2021-02-04 03:33:29,30,2,74,1,-1,,out/02-03-19-33/bit1_samples1,2021-02-04 03:34:22,96af295c-34a6-4ad7-9190-6b99a97cff39,-,-,No,DEFAULT,-,-
out/02-03-19-33/log,02-03-19-33-19,7.764486,,169.254.76.1,1,19,-,DA:25:F7:3A:A2:25,76d8f359-d268-4650-bd6b-2109979a5246,2021-02-04 03:33:29,20,1,19,-1,-1,,-,2021-02-04 03:34:02,6a5a067c-dc50-48a3-bd71-a68822e66498,-,-,No,DEFAULT,-,-
out/02-03-19-33/log,02-03-19-33-16,7.933947,,169.254.76.1,1,16,2,5A:97:00:A4:82:28,195ed81d-3bfe-494a-941e-4a33f5030e87,2021-02-04 03:33:29,30,3,49,16,7,,out/02-03-19-33/bit1_samples16,2021-02-04 03:34:22,893e3246-b940-4720-ad70-65951539cb32,-,-,No,DEFAULT,-,-
out/02-03-19-33/log,02-03-19-33-88,8.026230,,169.254.76.1,1,88,3,F6:7F:70:93:9C:48,0b00afc8-ce7f-4f56-aa54-ce5941d22f22,2021-02-04 03:33:29,30,3,98,88,81,,out/02-03-19-33/bit1_samples88,2021-02-04 03:34:22,08cf7c31-d91c-417b-bb1d-2c9e612ee86c,-,-,No,DEFAULT,-,-
out/02-03-19-33/log,02-03-19-33-72,7.814536,,169.254.76.1,1,72,4,46:91:B4:2B:BB:2D,6f886bdd-5dcc-425a-aea6-e7dfab29e7a8,2021-02-04 03:33:29,30,2,90,72,-1,,out/02-03-19-33/bit1_samples72,2021-02-04 03:34:21,327bd122-4f3a-4ed2-85a3-a6e0eb9154ff,-,-,No,DEFAULT,-,-
out/02-03-19-33/log,02-03-19-33-14,7.861619,,169.254.76.1,1,14,-,66:39:18:D3:71:55,09299582-6cb8-43a5-bd11-b155623f9d3a,2021-02-04 03:33:29,30,3,68,15,14,,-,2021-02-04 03:34:12,4cdd3af0-6002-423f-947f-601f8ece93a1,-,-,No,DEFAULT,-,-
out/02-03-19-33/log,02-03-19-33-41,7.827238,,169.254.76.1,1,41,-,BE:3C:92:59:91:41,2cf35425-fea3-4ad2-9537-55b28d1afc81,2021-02-04 03:33:29,30,3,93,58,41,,-,2021-02-04 03:34:12,731a0d42-b644-4431-a9db-55397e49f2a8,-,-,No,DEFAULT,-,-
out/02-03-19-33/log,02-03-19-33-49,8.186325,,169.254.76.1,1,49,2,86:9D:96:3F:91:D4,d148909b-d7ee-4612-bedb-6703a04e3582,2021-02-04 03:33:29,30,3,49,16,7,,-,2021-02-04 03:34:21,9a7e4ffd-28d3-4cc4-94b1-8b2505fdea5c,-,out/02-03-19-33/bit0_samples49,No,DEFAULT,-,-
out/02-03-19-33/log,02-03-19-33-20,7.877425,,169.254.76.1,1,20,-,66:57:00:8F:33:DF,642ccf00-ab50-4b50-871e-c660469b5304,2021-02-04 03:33:29,30,3,83,70,42,,-,2021-02-04 03:34:12,a353e6c7-4160-4f71-ad62-de80ab65715a,-,-,No,DEFAULT,-,-
out/02-03-19-33/log,02-03-19-33-66,7.704245,,169.254.76.1,1,66,-,EA:11:86:93:BA:B2,1a905367-92ac-4352-9f2b-ac02e8e7736b,2021-02-04 03:33:29,20,1,66,-1,-1,,-,2021-02-04 03:34:02,a6073c80-1ec1-4190-93b4-d36ab1405a74,-,-,No,DEFAULT,-,-
out/02-03-19-33/log,02-03-19-33-52,7.994671,,169.254.76.1,1,52,5,E6:95:69:3C:84:E9,0a1793f1-39a9-4dc2-88ad-bbd2c148a6bb,2021-02-04 03:33:29,30,2,52,24,-1,,-,2021-02-04 03:34:21,60364cc4-cc77-4a3e-8f5e-1825ab7b136d,-,out/02-03-19-33/bit0_samples52,No,DEFAULT,-,-
out/02-03-19-33/log,02-03-19-33-2,7.689511,,169.254.76.1,1,2,-,6E:58:E5:C2:3E:A1,c25fa744-669d-47eb-8a81-53830788bb54,2021-02-04 03:33:29,20,1,2,-1,-1,,-,2021-02-04 03:34:02,bf6e7ac4-d848-43df-89d9-82d46bed4fa0,-,-,No,DEFAULT,-,-
out/02-03-19-33/log,02-03-19-33-89,8.251142,,169.254.76.1,1,89,6,0E:D9:9C:85:35:A1,937a477f-f587-4675-81a7-1ed46177b510,2021-02-04 03:33:29,30,2,89,61,-1,,-,2021-02-04 03:34:21,e242fe5a-2d38-46af-ad9c-39b0fb8907bf,-,out/02-03-19-33/bit0_samples89,No,DEFAULT,-,-
out/02-03-19-33/log,02-03-19-33-87,7.949105,,169.254.76.1,1,87,7,0E:C2:B3:6B:12:DE,6f4356c1-4c38-47c7-80fb-3b1ce2b87fdf,2021-02-04 03:33:29,30,2,87,6,-1,,-,2021-02-04 03:34:21,8ef9e6ac-0a0a-41b3-bec3-2f74858e409d,-,out/02-03-19-33/bit0_samples87,No,DEFAULT,-,-
out/02-03-19-33/log,02-03-19-33-45,7.769305,,169.254.76.1,1,45,-,DE:28:A8:38:55:E1,005f5428-9749-4fc3-9efc-bbc266e9521d,2021-02-04 03:33:29,20,1,45,-1,-1,,-,2021-02-04 03:34:02,788dd710-1790-45f0-a436-e3ee2ec5bff2,-,-,No,DEFAULT,-,-
out/02-03-19-33/log,02-03-19-33-79,7.806743,,169.254.76.1,1,79,8,8E:A3:AF:CC:28:D5,d795b63d-9943-473c-a2d1-3550c4b21980,2021-02-04 03:33:30,30,2,79,36,-1,,-,2021-02-04 03:34:21,e7f2a93e-54e7-4e08-9711-397c266ba48c,-,out/02-03-19-33/bit0_samples79,No,DEFAULT,-,-
out/02-03-19-33/log,02-03-19-33-7,7.995635,,169.254.76.1,1,7,-,E2:FD:C5:60:46:18,f08294ab-7524-4783-98ec-82bd4b149c95,2021-02-04 03:33:30,30,3,49,16,7,,-,2021-02-04 03:34:12,f3877867-d36b-42ee-9117-178765730a74,-,-,No,DEFAULT,-,-
out/02-03-19-33/log,02-03-19-33-63,7.692968,,169.254.76.1,1,63,-,86:C6:3F:F0:3A:C2,5dd49c40-f223-4afb-8ede-53c7f1087311,2021-02-04 03:33:29,20,1,63,-1,-1,,-,2021-02-04 03:34:02,99ff4ae7-0716-4e89-aa8e-57b46ce3fc4b,-,-,No,DEFAULT,-,-
out/02-03-19-33/log,02-03-19-33-53,7.801255,,169.254.76.1,1,53,-,AA:7F:7A:03:7E:7A,61bf5960-3ba1-499a-9878-561cdb8df466,2021-02-04 03:33:29,30,3,94,59,53,,-,2021-02-04 03:34:12,edc170c2-100a-425f-9d14-b8dfef6a96ae,-,-,No,DEFAULT,-,-
out/02-03-19-33/log,02-03-19-33-68,7.850538,,169.254.76.1,1,68,9,86:87:85:F5:EC:EE,905d865f-cb03-45ba-81d8-f29da3a70573,2021-02-04 03:33:29,30,3,68,15,14,,-,2021-02-04 03:34:22,e7d119af-2b96-4aef-9638-9313a3545224,-,-,No,DEFAULT,-,-
out/02-03-19-33/log,02-03-19-33-40,7.854351,,169.254.76.1,1,40,-,42:2F:FE:F9:6C:1B,15c8c6fe-59e1-44c0-bb40-585f8baef630,2021-02-04 03:33:29,30,3,78,55,40,,-,2021-02-04 03:34:12,cc44660f-314f-41f6-b1a1-b133a05d96e5,-,-,No,DEFAULT,-,-
out/02-03-19-33/log,02-03-19-33-91,7.728594,,169.254.76.1,1,91,-,EE:FB:4E:B7:11:6A,6f671a31-5254-4626-be5f-a811d2c4f576,2021-02-04 03:33:29,20,1,91,-1,-1,,-,2021-02-04 03:34:02,737f1206-e60b-450f-9264-28192a54251a,-,-,No,DEFAULT,-,-
out/02-03-19-33/log,02-03-19-33-4,7.740128,,169.254.76.1,1,4,-,C2:78:FC:D9:A9:50,35859d4c-5688-4164-aeac-1b04d35c241d,2021-02-04 03:33:29,30,3,84,75,18,,-,2021-02-04 03:34:12,9762202a-b0c9-47e7-89e1-26b92064065b,-,-,No,DEFAULT,-,-
out/02-03-19-33/log,02-03-19-33-82,7.863397,,169.254.76.1,1,82,-,2E:71:C2:86:12:BC,9b7bf251-c219-493b-add2-d0222265d51d,2021-02-04 03:33:29,20,1,82,-1,-1,,-,2021-02-04 03:34:02,04b55f46-3e05-466d-869a-8194aa152ec4,-,-,No,DEFAULT,-,-
out/02-03-19-33/log,02-03-19-33-74,7.860410,,169.254.76.1,1,74,1,8A:C1:10:EC:47:D3,9dc1a3f7-55f1-475f-a0bc-55bb746b5dfd,2021-02-04 03:33:29,30,2,74,1,-1,,-,2021-02-04 03:34:21,8bea41ba-18bc-4801-bd8c-2a9f15375e4a,-,out/02-03-19-33/bit0_samples74,No,DEFAULT,-,-
out/02-03-19-33/log,02-03-19-33-50,7.942037,,169.254.76.1,1,50,-,A2:EA:93:A1:76:7B,e6f31d40-8aa1-4701-a112-f207dd59e811,2021-02-04 03:33:29,20,1,50,-1,-1,,-,2021-02-04 03:34:02,8ab30923-748a-4100-90d5-c7634fb78d93,-,-,No,DEFAULT,-,-
out/02-03-19-33/log,02-03-19-33-83,7.862034,,169.254.76.1,1,83,10,6A:89:8C:24:11:C3,c402f4fe-fbd1-4dfa-9cbb-9d85dba819bd,2021-02-04 03:33:29,30,3,83,70,42,,-,2021-02-04 03:34:21,7feb311a-0499-4194-93cb-96cd5470d482,-,out/02-03-19-33/bit0_samples83,No,DEFAULT,-,-
out/02-03-19-33/log,02-03-19-33-93,7.830859,,169.254.76.1,1,93,11,76:11:D6:52:9A:0D,9b7be870-5cb0-4edc-a381-63593cb27b9a,2021-02-04 03:33:29,30,3,93,58,41,,-,2021-02-04 03:34:21,eb8e5217-8b7b-4d4f-bbb8-640423f7a058,-,-,No,DEFAULT,-,-
out/02-03-19-33/log,02-03-19-33-61,7.822882,,169.254.76.1,1,61,6,0E:1E:ED:CC:A2:FB,3e4ff1aa-24fd-42f7-8977-b963f5c89d2b,2021-02-04 03:33:29,30,2,89,61,-1,,out/02-03-19-33/bit1_samples61,2021-02-04 03:34:22,890644e9-de77-4d86-b050-c656ca8796d5,-,-,No,DEFAULT,-,-
out/02-03-19-33/log,02-03-19-33-75,8.218797,,169.254.76.1,1,75,12,E2:62:E9:F9:D2:E7,50b5952c-2c12-42dc-be78-b8ebd9b3552d,2021-02-04 03:33:30,30,3,84,75,18,,out/02-03-19-33/bit1_samples75,2021-02-04 03:34:21,6b846209-ffb6-44f5-bfc0-4a0af6fcaefe,-,-,No,DEFAULT,-,-
out/02-03-19-33/log,02-03-19-33-29,7.811868,,169.254.76.1,1,29,-,12:88:32:CA:06:B9,387957e8-22c4-47c2-9ce4-b6ab97170668,2021-02-04 03:33:29,30,3,67,51,43,,-,2021-02-04 03:34:12,f140fa0b-c79a-42c8-8177-7dedfc129e8f,-,-,No,DEFAULT,-,-
out/02-03-19-33/log,02-03-19-33-17,7.826922,,169.254.76.1,1,17,-,32:AE:39:D1:BA:ED,65890cef-d25b-4fb2-83c9-b095d8688232,2021-02-04 03:33:30,20,1,17,-1,-1,,-,2021-02-04 03:34:02,72249cc6-2854-40d9-8f1b-987e56582d0e,-,-,No,DEFAULT,-,-
out/02-03-19-33/log,02-03-19-33-33,7.719418,,169.254.76.1,1,33,-,36:21:95:5E:F1:AD,65573c52-804c-499f-ad19-368cb9f70681,2021-02-04 03:33:29,30,3,94,59,53,,-,2021-02-04 03:34:12,518686d6-c8a4-4fbd-9d2f-d7d9f6734fd7,-,-,No,DEFAULT,-,-
out/02-03-19-33/log,02-03-19-33-86,7.910465,,169.254.76.1,1,86,-,B2:ED:99:9D:56:1A,7b9090b5-7c96-4292-bc1e-a8f776314ed1,2021-02-04 03:33:29,20,1,86,-1,-1,,-,2021-02-04 03:34:02,0856c590-289b-40c5-8dd1-8655e508eed2,-,-,No,DEFAULT,-,-
out/02-03-19-33/log,02-03-19-33-18,7.874538,,169.254.76.1,1,18,-,16:FC:71:14:2C:63,24f04fb1-ff6a-40ba-ac19-b34c315e4742,2021-02-04 03:33:29,30,3,84,75,18,,-,2021-02-04 03:34:12,32acf50e-3e3e-406a-a386-3090dd0e2c46,-,-,No,DEFAULT,-,-
out/02-03-19-33/log,02-03-19-33-81,7.908456,,169.254.76.1,1,81,-,C2:22:F4:13:DF:85,5c9db0a1-584d-4b97-a1ba-de62112891e7,2021-02-04 03:33:29,30,3,98,88,81,,-,2021-02-04 03:34:12,33d253ef-afb6-439a-9a1e-26fc405854ae,-,-,No,DEFAULT,-,-
out/02-03-19-33/log,02-03-19-33-58,8.373358,,169.254.76.1,1,58,11,6A:44:56:68:CA:3B,c47dcad2-85dc-402a-91ac-04b3e26d7233,2021-02-04 03:33:29,30,3,93,58,41,,out/02-03-19-33/bit1_samples58,2021-02-04 03:34:21,d4472e84-a2dd-4db3-845d-2e458c505f5a,-,-,No,DEFAULT,-,-
out/02-03-19-33/log,02-03-19-33-6,7.897622,,169.254.76.1,1,6,7,7E:D4:16:4C:F1:0F,26e42d81-b542-4e76-b883-d37bec2df2e2,2021-02-04 03:33:29,30,2,87,6,-1,,out/02-03-19-33/bit1_samples6,2021-02-04 03:34:21,ac69ef00-fe87-4b4b-ba44-e841abbbdfef,-,-,No,DEFAULT,-,-
out/02-03-19-33/log,02-03-19-33-90,7.792933,,169.254.76.1,1,90,4,56:B3:A5:9B:90:F5,b39ffa0b-d2f6-486d-a955-1d926dfb6fa6,2021-02-04 03:33:29,30,2,90,72,-1,,-,2021-02-04 03:34:21,a791b7f8-833a-4490-b54c-bbab62c573d9,-,-,No,DEFAULT,-,-
out/02-03-19-33/log,02-03-19-33-78,7.811713,,169.254.76.1,1,78,13,06:A6:F4:60:48:82,81555ae1-05da-4505-bcfb-32ec304ab255,2021-02-04 03:33:29,30,3,78,55,40,,-,2021-02-04 03:34:21,3dd04e3c-0b46-4e24-89f6-db53ae46c065,-,out/02-03-19-33/bit0_samples78,No,DEFAULT,-,-
out/02-03-19-33/log,02-03-19-33-15,7.878616,,169.254.76.1,1,15,9,56:73:E3:DE:F8:E3,e547a72a-e7f8-4d8c-9ad9-22a481ca463e,2021-02-04 03:33:29,30,3,68,15,14,,out/02-03-19-33/bit1_samples15,2021-02-04 03:34:21,49c94c1a-3eab-4d71-a359-305248fc300b,-,-,No,DEFAULT,-,-
out/02-03-19-33/log,02-03-19-33-64,7.800695,,169.254.76.1,1,64,-,FE:FC:F1:F3:99:11,59fc0c53-4f33-45db-bd0a-c837a8d60921,2021-02-04 03:33:29,20,1,64,-1,-1,,-,2021-02-04 03:34:02,56c9f35f-eab5-4f07-bab4-354f3a3aea65,-,-,No,DEFAULT,-,-
out/02-03-19-33/log,02-03-19-33-26,7.883675,,169.254.76.1,1,26,14,32:CC:29:90:39:25,b1ef47e1-c589-4382-abcc-20a79967e74a,2021-02-04 03:33:30,30,2,71,26,-1,,out/02-03-19-33/bit1_samples26,2021-02-04 03:34:21,67c565db-308e-4e2f-a9be-f8696aaa426d,-,-,No,DEFAULT,-,-
out/02-03-19-33/log,02-03-19-33-71,7.810408,,169.254.76.1,1,71,14,8A:CA:23:CD:56:77,d696ae0a-36ed-4812-8c19-54123f88e027,2021-02-04 03:33:29,30,2,71,26,-1,,-,2021-02-04 03:34:21,206c7758-df86-4ece-a47c-6d56fe81cc05,-,out/02-03-19-33/bit0_samples71,No,DEFAULT,-,-
out/02-03-19-33/log,02-03-19-33-56,7.812920,,169.254.76.1,1,56,-,82:77:B8:3C:FD:EA,94ae6cbc-25bb-491d-a8af-c60f7a589d64,2021-02-04 03:33:29,20,1,56,-1,-1,,-,2021-02-04 03:34:02,e7c702e4-b1d7-4e9a-8bd9-b93728846349,-,-,No,DEFAULT,-,-
out/02-03-19-33/log,02-03-19-33-95,7.788141,,169.254.76.1,1,95,-,BA:AF:3B:8B:43:A9,f0b98712-a031-4368-868d-1c388a3501c5,2021-02-04 03:33:29,20,1,95,-1,-1,,-,2021-02-04 03:34:02,468e98ba-8f6c-403b-a3fc-f0d44af73024,-,-,No,DEFAULT,-,-
out/02-03-19-33/log,02-03-19-33-94,7.817747,,169.254.76.1,1,94,15,F2:C5:99:5D:B5:9F,a8bd3a41-53df-46ff-b8d7-59565526d0ff,2021-02-04 03:33:29,30,3,94,59,53,,-,2021-02-04 03:34:21,31594964-dae4-4c4f-88bc-e59c3f7f6fa1,-,out/02-03-19-33/bit0_samples94,No,DEFAULT,-,-
out/02-03-19-33/log,02-03-19-33-48,8.302829,,169.254.76.1,1,48,16,62:7C:5D:99:D1:4B,d64ca9d6-aaee-4a1c-9f67-e3e4411db1a9,2021-02-04 03:33:29,30,3,80,48,10,,out/02-03-19-33/bit1_samples48,2021-02-04 03:34:21,f1b44e40-467a-4f3c-940e-ef85024314a8,-,-,No,DEFAULT,-,-
out/02-03-19-33/log,02-03-19-33-99,7.812898,,169.254.76.1,1,99,17,0E:E5:43:9D:63:0A,e38858b2-ae59-45ce-a3b2-c8b1725250c3,2021-02-04 03:33:30,30,2,99,47,-1,,-,2021-02-04 03:34:21,773175c0-996e-4113-ba08-ed695f05ccb6,-,out/02-03-19-33/bit0_samples99,No,DEFAULT,-,-
out/02-03-19-33/log,02-03-19-33-47,7.908621,,169.254.76.1,1,47,17,5A:75:45:A5:4B:73,b077ddc3-2b72-4be1-8496-fc0f305cb57e,2021-02-04 03:33:29,30,2,99,47,-1,,out/02-03-19-33/bit1_samples47,2021-02-04 03:34:21,e3c89d8a-b7f8-4a2d-a2f9-4f4dfc66572f,-,-,No,DEFAULT,-,-
out/02-03-19-33/log,02-03-19-33-32,7.847961,,169.254.76.1,1,32,-,5E:8A:20:8D:70:49,b76a13f9-913f-413d-8c07-29c64c0fd7c9,2021-02-04 03:33:29,30,3,92,76,32,,-,2021-02-04 03:34:12,12240986-58d1-482c-8236-b6b4af909757,-,-,No,DEFAULT,-,-
out/02-03-19-33/log,02-03-19-33-27,7.964782,,169.254.76.1,1,27,18,FE:64:1C:DB:A4:45,438a0c4d-7f02-446e-b2a7-5d78ba608170,2021-02-04 03:33:30,30,2,27,8,-1,,-,2021-02-04 03:34:21,c8a4514d-aba1-45b8-97b0-0ada2b217b9c,-,out/02-03-19-33/bit0_samples27,No,DEFAULT,-,-
out/02-03-19-33/log,02-03-19-33-31,7.854483,,169.254.76.1,1,31,-,C6:FF:3B:2E:AB:84,99301f92-629d-4862-82d3-5637da5c8a6c,2021-02-04 03:33:29,30,3,35,34,31,,-,2021-02-04 03:34:12,7b03bd06-cc15-43b0-b2f0-2d6352f73b89,-,-,No,DEFAULT,-,-
out/02-03-19-33/log,02-03-19-33-84,7.837092,,169.254.76.1,1,84,12,62:37:02:38:4A:9E,8d2cbb5f-c367-42f9-8549-1c8f08175339,2021-02-04 03:33:29,30,3,84,75,18,,-,2021-02-04 03:34:21,50db796f-bee2-48bd-91c9-ddc28f1eb20c,-,out/02-03-19-33/bit0_samples84,No,DEFAULT,-,-
out/02-03-19-33/log,02-03-19-33-13,7.827253,,169.254.76.1,1,13,-,0E:E1:1C:8F:BF:7C,b17a2fb3-04b8-480b-9602-e8a301269a9a,2021-02-04 03:33:29,30,3,83,70,42,,-,2021-02-04 03:34:12,91b6075e-0598-4799-9f3b-9128798bd10d,-,-,No,DEFAULT,-,-
out/02-03-19-33/log,02-03-19-33-10,7.739602,,169.254.76.1,1,10,-,22:ED:60:22:CE:9A,a8becd73-4f2d-47f1-92f2-2788194401ae,2021-02-04 03:33:29,30,3,80,48,10,,-,2021-02-04 03:34:12,7147f952-b4f0-4747-8b98-4a044328ce04,-,-,No,DEFAULT,-,-
out/02-03-19-33/log,02-03-19-33-80,7.796653,,169.254.76.1,1,80,16,E2:66:EA:C7:5E:45,7b963aba-7424-4862-b966-8d15a3d1b55f,2021-02-04 03:33:29,30,3,80,48,10,,-,2021-02-04 03:34:21,99b858df-afaa-494c-9caf-8f9fc77b4d68,-,out/02-03-19-33/bit0_samples80,No,DEFAULT,-,-
out/02-03-19-33/log,02-03-19-33-62,7.747954,,169.254.76.1,1,62,-,76:0D:45:45:9A:3F,0cc73a7a-813c-4982-ae18-ab6ab6e73add,2021-02-04 03:33:30,20,1,62,-1,-1,,-,2021-02-04 03:34:02,ec076644-324d-4ec6-895b-78f126c3dc6f,-,-,No,DEFAULT,-,-
out/02-03-19-33/log,02-03-19-33-34,7.831806,,169.254.76.1,1,34,19,CA:34:C1:09:FF:EA,0ca24160-7183-426b-bff6-39dba6d8c9a3,2021-02-04 03:33:29,30,3,35,34,31,,out/02-03-19-33/bit1_samples34,2021-02-04 03:34:21,6c76204a-268f-482b-a3fa-eb911ead7a7c,-,-,No,DEFAULT,-,-
out/02-03-19-33/log,02-03-19-33-60,7.856998,,169.254.76.1,1,60,-,EA:AC:8C:C1:0C:C4,8a341e88-f4f3-4dc4-b194-f36d46ebca39,2021-02-04 03:33:29,20,1,60,-1,-1,,-,2021-02-04 03:34:02,bd2e1b52-402e-48f4-9369-abae744f5a4a,-,-,No,DEFAULT,-,-
out/02-03-19-33/log,02-03-19-33-3,7.894021,,169.254.76.1,1,3,-,EE:EF:87:E6:C4:3F,7b8c979d-4211-447f-a52f-79f944680388,2021-02-04 03:33:29,30,3,96,30,3,,-,2021-02-04 03:34:12,fe2f68ce-9c9f-4609-8630-fd10bfbaa116,-,-,No,DEFAULT,-,-
out/02-03-19-33/log,02-03-19-33-30,8.382007,,169.254.76.1,1,30,20,2E:BF:42:21:65:9B,1eff0502-3e11-4927-93a5-9c7268a10ccb,2021-02-04 03:33:30,30,3,96,30,3,,out/02-03-19-33/bit1_samples30,2021-02-04 03:34:21,e206b945-0788-41f7-aeb8-f2c65a44727b,-,-,No,DEFAULT,-,-
out/02-03-19-33/log,02-03-19-33-65,7.570681,,169.254.76.1,1,65,-,5E:5D:2B:E5:79:E0,de6b3581-8a02-4aba-ba10-3e42f4bfb6dd,2021-02-04 03:33:29,20,1,65,-1,-1,,-,2021-02-04 03:34:02,aa235962-60fc-4879-83a6-229fd25d8e15,-,-,No,DEFAULT,-,-
out/02-03-19-33/log,02-03-19-33-37,7.600257,,169.254.76.1,1,37,-,4A:6F:AF:C7:46:84,ca2c066e-a9b2-443a-a98e-5491dad3a4da,2021-02-04 03:33:30,20,1,37,-1,-1,,-,2021-02-04 03:34:02,01c4fabe-f497-4d13-8d4c-880f30c7082c,-,-,No,DEFAULT,-,-
out/02-03-19-33/log,02-03-19-33-85,7.776958,,169.254.76.1,1,85,-,2A:02:CE:C7:F3:9B,f22649e2-7fa4-4ea1-b503-e4e03300e79c,2021-02-04 03:33:29,20,1,85,-1,-1,,-,2021-02-04 03:34:02,05ccf018-4079-4b45-bd2e-96454bf81af4,-,-,No,DEFAULT,-,-
out/02-03-19-33/log,02-03-19-33-73,7.931872,,169.254.76.1,1,73,-,E2:E3:F0:BD:18:64,277e1cb8-5594-451b-b216-8e6a981d88d7,2021-02-04 03:33:30,20,1,73,-1,-1,,-,2021-02-04 03:34:02,9f820af8-648f-4f27-9e0c-52265bc27adc,-,-,No,DEFAULT,-,-
out/02-03-19-33/log,02-03-19-33-70,7.988318,,169.254.76.1,1,70,10,82:A8:85:48:54:89,3c28ca26-78ea-4a30-97d6-8a8fb5976392,2021-02-04 03:33:29,30,3,83,70,42,,out/02-03-19-33/bit1_samples70,2021-02-04 03:34:21,beeeecf2-45eb-41c7-91c7-95e16205ad17,-,-,No,DEFAULT,-,-
out/02-03-19-33/log,02-03-19-33-36,7.823940,,169.254.76.1,1,36,8,42:76:F3:AF:BB:99,87f6754d-d107-4328-9ddb-efdcbffb56ec,2021-02-04 03:33:29,30,2,79,36,-1,,out/02-03-19-33/bit1_samples36,2021-02-04 03:34:21,baaf04fc-7009-48ba-8aa6-e2069e7bdd34,-,-,No,DEFAULT,-,-
out/02-03-19-33/log,02-03-19-33-44,7.946704,,169.254.76.1,1,44,-,9A:A2:7D:7C:52:1F,244688eb-904e-4e2a-a8d2-f6058ab6079b,2021-02-04 03:33:29,20,1,44,-1,-1,,-,2021-02-04 03:34:02,e95e1d12-1a3c-4965-a2bc-6f4f2770217d,-,-,No,DEFAULT,-,-
out/02-03-19-33/log,02-03-19-33-54,7.917511,,169.254.76.1,1,54,21,A2:07:72:E6:FB:EE,881d0a45-1d3e-4547-9a59-db3b484cd715,2021-02-04 03:33:29,30,2,54,39,-1,,-,2021-02-04 03:34:21,e0c10420-6577-4972-9915-0a34a5838376,-,out/02-03-19-33/bit0_samples54,No,DEFAULT,-,-
out/02-03-19-33/log,02-03-19-33-43,7.729298,,169.254.76.1,1,43,-,42:85:7E:4A:58:DD,6854bc76-e3e1-4e29-b353-50771eff69e7,2021-02-04 03:33:29,30,3,67,51,43,,-,2021-02-04 03:34:12,3e521abd-5580-481d-a30a-38b1e22abfe9,-,-,No,DEFAULT,-,-
out/02-03-19-33/log,02-03-19-33-77,7.871236,,169.254.76.1,1,77,22,CE:DC:CF:D3:54:55,068f7a39-ab28-41be-9363-5875784d8240,2021-02-04 03:33:29,30,2,97,77,-1,,out/02-03-19-33/bit1_samples77,2021-02-04 03:34:21,281ea70b-3f0b-4553-af69-a256b4aee326,-,-,No,DEFAULT,-,-
out/02-03-19-33/log,02-03-19-33-8,7.849630,,169.254.76.1,1,8,18,5A:37:EF:92:D1:6C,ce49efaf-9ac5-482e-8851-4481699b708f,2021-02-04 03:33:30,30,2,27,8,-1,,out/02-03-19-33/bit1_samples8,2021-02-04 03:34:21,84712f4b-9d14-4fd8-8ab0-2d8ca48593db,-,-,No,DEFAULT,-,-
out/02-03-19-33/log,02-03-19-33-97,7.953700,,169.254.76.1,1,97,22,32:F5:B4:AE:26:64,c2faf8b8-8661-4e74-9649-415b4ba5b692,2021-02-04 03:33:29,30,2,97,77,-1,,-,2021-02-04 03:34:21,0a352405-f0a5-48b1-af26-c097a0465e77,-,-,No,DEFAULT,-,-
out/02-03-19-33/log,02-03-19-33-42,7.878242,,169.254.76.1,1,42,-,82:AF:08:F8:AD:8D,598f8d3a-e1de-4fc4-9482-d6039250faf8,2021-02-04 03:33:30,30,3,83,70,42,,-,2021-02-04 03:34:12,afe77053-8265-446b-a4f0-d70f4d511939,-,-,No,DEFAULT,-,-
out/02-03-19-33/log,02-03-19-33-28,7.834658,,169.254.76.1,1,28,-,26:38:F0:27:0D:4B,5abc6ff3-7d6a-41ac-b41d-ac3b573ad33d,2021-02-04 03:33:29,20,1,28,-1,-1,,-,2021-02-04 03:34:02,bf8b359e-d812-4e36-ab68-47f0ded29e55,-,-,No,DEFAULT,-,-
out/02-03-19-33/log,02-03-19-33-67,7.897914,,169.254.76.1,1,67,23,1A:AA:97:A0:51:9B,ce1b9596-ae2e-4095-b69b-e77384c3abac,2021-02-04 03:33:29,30,3,67,51,43,,-,2021-02-04 03:34:21,e4d07b34-d5d0-439a-9c09-a49f19307a24,-,-,No,DEFAULT,-,-
out/02-03-19-33/log,02-03-19-33-35,7.943682,,169.254.76.1,1,35,19,0E:00:C9:50:59:93,ac9a5c1f-d41e-411c-bef0-047e509a0d3b,2021-02-04 03:33:30,30,3,35,34,31,,-,2021-02-04 03:34:21,bf0bd8dd-c71f-42b2-b920-c39ec1c4c18f,-,out/02-03-19-33/bit0_samples35,No,DEFAULT,-,-
out/02-03-19-33/log,02-03-19-33-46,7.819093,,169.254.76.1,1,46,-,8A:BE:13:0A:26:7E,96f184b6-6ae9-4e06-96d3-8db669e62e1c,2021-02-04 03:33:29,20,1,46,-1,-1,,-,2021-02-04 03:34:02,603de966-9fcf-48d9-a88b-457955f9ddf2,-,-,No,DEFAULT,-,-
out/02-03-19-33/log,02-03-19-33-12,8.215810,,169.254.76.1,1,12,-,2A:FC:04:45:E9:BE,eb8142ac-9935-46a5-bb41-0167e08dbce1,2021-02-04 03:33:29,30,3,92,76,32,,-,2021-02-04 03:34:12,9c58614a-e77f-40f9-ba8a-57ab6bd2497c,-,-,No,DEFAULT,-,-
out/02-03-19-33/log,02-03-19-33-5,8.071212,,169.254.76.1,1,5,24,16:EB:F8:50:73:48,1eecea8b-4d63-47b7-bf28-10be67f722cc,2021-02-04 03:33:29,30,2,57,5,-1,,out/02-03-19-33/bit1_samples5,2021-02-04 03:34:21,dd7d05e1-b665-4bd9-a269-d5a1efc09cfe,-,-,No,DEFAULT,-,-
out/02-03-19-33/log,02-03-19-33-22,7.936971,,169.254.76.1,1,22,-,46:C1:03:B9:3A:C8,ce5a7159-d906-4992-b67e-4a7acc3d5b88,2021-02-04 03:33:30,30,3,38,25,22,,-,2021-02-04 03:34:12,0ce981aa-f603-4331-a9f5-4b4970ef8010,-,-,No,DEFAULT,-,-
out/02-03-19-33/log,02-03-19-33-100,7.809783,,169.254.76.1,1,100,-,B2:4B:80:56:09:89,f95883bf-be21-45f1-ba07-e986d7952564,2021-02-04 03:33:29,20,1,100,-1,-1,,-,2021-02-04 03:34:02,6a6dc525-6143-4c2b-a491-a2fdf6524238,-,-,No,DEFAULT,-,-
out/02-03-19-33/log,02-03-19-33-57,7.982965,,169.254.76.1,1,57,24,36:B7:96:11:58:2C,7701c36e-10f5-4953-a218-61e04d41dfa8,2021-02-04 03:33:30,30,2,57,5,-1,,-,2021-02-04 03:34:21,5cf34e18-aa8b-4ab6-9839-6a522cdc1a7b,-,out/02-03-19-33/bit0_samples57,No,DEFAULT,-,-
out/02-03-19-33/log,02-03-19-33-51,7.890451,,169.254.76.1,1,51,23,26:31:86:48:B8:C8,1c80bbab-2f9b-4e42-b33b-6e2c198c5eba,2021-02-04 03:33:29,30,3,67,51,43,,out/02-03-19-33/bit1_samples51,2021-02-04 03:34:21,03b2e1dd-5e77-4db2-9658-2856edc69f83,-,-,No,DEFAULT,-,-
out/02-03-19-33/log,02-03-19-33-92,7.856516,,169.254.76.1,1,92,25,6E:D3:E5:3B:1A:72,b3f5f3aa-6ec4-4482-a247-2c7cacb38b43,2021-02-04 03:33:29,30,3,92,76,32,,-,2021-02-04 03:34:21,88bfd2af-bf96-4ae5-8630-4a9a442eb582,-,out/02-03-19-33/bit0_samples92,No,DEFAULT,-,-
out/02-03-19-33/log,02-03-19-33-98,7.873537,,169.254.76.1,1,98,3,A2:F0:70:22:79:B5,18769c7f-096d-43d3-8678-82bc6719b949,2021-02-04 03:33:30,30,3,98,88,81,,-,2021-02-04 03:34:21,c3ef1b46-0516-4b61-8d90-a069b7f29e26,-,-,No,DEFAULT,-,-
out/02-03-19-33/log,02-03-19-33-69,7.761503,,169.254.76.1,1,69,-,8A:54:55:F2:32:0E,faad4371-592a-4229-b1dd-5886172118d0,2021-02-04 03:33:29,20,1,69,-1,-1,,-,2021-02-04 03:34:02,d6bf39d5-79af-444e-94da-c84ddd9b334b,-,-,No,DEFAULT,-,-
out/02-03-19-33/log,02-03-19-33-21,7.759935,,169.254.76.1,1,21,-,22:D9:6F:6A:B8:C7,25a8790d-62ab-421b-b60a-ad49e9c2fd21,2021-02-04 03:33:30,20,1,21,-1,-1,,-,2021-02-04 03:34:02,d7ba90d7-ac80-464a-af87-aacbcb4bf459,-,-,No,DEFAULT,-,-
out/02-03-19-33/log,02-03-19-33-59,7.844141,,169.254.76.1,1,59,15,DA:75:63:90:AB:FA,094b2aae-1415-4a6a-b744-126d5752fbdf,2021-02-04 03:33:29,30,3,94,59,53,,out/02-03-19-33/bit1_samples59,2021-02-04 03:34:22,50a1185b-930f-43a5-bddb-3ccec1b52072,-,-,No,DEFAULT,-,-
out/02-03-19-33/log,02-03-19-33-11,7.768380,,169.254.76.1,1,11,-,BA:F7:FC:0C:76:04,9a587754-ed19-4ff4-a559-15314d693ab4,2021-02-04 03:33:29,20,1,11,-1,-1,,-,2021-02-04 03:34:02,230ba39b-3883-4cf8-b075-11f770368be3,-,-,No,DEFAULT,-,-
out/02-03-19-33/log,02-03-19-33-23,7.940565,,169.254.76.1,1,23,-,12:3B:C6:F5:FA:DD,e3bfefdc-e24a-4f2b-9fb2-51744af9f74f,2021-02-04 03:33:29,30,3,35,34,31,,-,2021-02-04 03:34:12,176cc6ad-7b00-45d1-ac32-45f97c400a1e,-,-,No,DEFAULT,-,-
out/02-03-19-33/log,02-03-19-33-9,7.692960,,169.254.76.1,1,9,-,0E:C1:E1:C4:A9:CF,257f2a0c-3cec-4169-a7ad-456e0fc77765,2021-02-04 03:33:29,20,1,9,-1,-1,,-,2021-02-04 03:34:02,5c7d5e4e-d417-4a53-ab40-346b26870e8e,-,-,No,DEFAULT,-,-
out/02-03-19-33/log,02-03-19-33-55,7.810933,,169.254.76.1,1,55,13,36:C3:E9:0C:B0:31,14795ec8-261e-4810-9dd8-91921133ed73,2021-02-04 03:33:29,30,3,78,55,40,,out/02-03-19-33/bit1_samples55,2021-02-04 03:34:21,e96676ee-36c8-4c9b-be05-505162b5354e,-,-,No,DEFAULT,-,-
out/02-03-19-33/log,02-03-19-33-25,7.987719,,169.254.76.1,1,25,26,66:81:C1:2F:04:70,050c570f-d19b-4c44-bcbf-dba7edce9ea8,2021-02-04 03:33:29,30,3,38,25,22,,out/02-03-19-33/bit1_samples25,2021-02-04 03:34:21,fe76d0e9-f38e-4d33-ae9a-9092551f3fb1,-,-,No,DEFAULT,-,-
out/02-03-19-33/log,02-03-19-33-24,7.953052,,169.254.76.1,1,24,5,E6:0B:EF:F9:CA:39,a2645f65-dc3e-4832-b5f9-eabffe68059d,2021-02-04 03:33:29,30,2,52,24,-1,,out/02-03-19-33/bit1_samples24,2021-02-04 03:34:21,c1b7973e-26cc-4fb9-8e39-7f0fd3f510b4,-,-,No,DEFAULT,-,-
out/02-03-19-33/log,02-03-19-33-38,7.858457,,169.254.76.1,1,38,26,92:36:6E:AA:91:98,6a4c824f-d9c6-42f5-b8be-b7677eb58102,2021-02-04 03:33:29,30,3,38,25,22,,-,2021-02-04 03:34:21,206d8cde-e1a0-4150-a22b-c353d46fd77b,-,out/02-03-19-33/bit0_samples38,No,DEFAULT,-,-
out/02-03-19-33/log,02-03-19-33-96,7.959718,,169.254.76.1,1,96,20,32:B6:46:0B:24:FE,9e3e297a-fb42-4524-808b-52b154a8a683,2021-02-04 03:33:30,30,3,96,30,3,,-,2021-02-04 03:34:21,2c4bc01d-cd7a-44a7-a2a2-13e88f175d13,-,out/02-03-19-33/bit0_samples96,No,DEFAULT,-,-
out/02-03-19-33/log,02-03-19-33-39,7.909903,,169.254.76.1,1,39,21,3A:88:72:1B:0A:D6,c04c8c49-698e-4327-889e-11c40437d7c8,2021-02-04 03:33:29,30,2,54,39,-1,,out/02-03-19-33/bit1_samples39,2021-02-04 03:34:21,16c67f10-8771-4b89-86a2-aa79b1cd58b2,-,-,No,DEFAULT,-,-
out/02-03-19-33/log,02-03-19-33-76,7.957440,,169.254.76.1,1,76,25,FA:50:20:27:CD:D2,487d2df7-2c23-4c5f-9f32-c61f4b7e998e,2021-02-04 03:33:29,30,3,92,76,32,,out/02-03-19-33/bit1_samples76,2021-02-04 03:34:21,68df3b5c-623d-4a94-bfad-1ef98c7e1210,-,-,No,DEFAULT,-,-
